file_i,file_j,cosine
datasets/IR-Plag-Dataset/case-01/plagiarized/L3/03/HelloWorld.java,datasets/IR-Plag-Dataset/case-01/plagiarized/L1/05/HelloWorld.java,1.0000000000000004
datasets/IR-Plag-Dataset/case-01/plagiarized/L3/06/Level3.java,datasets/IR-Plag-Dataset/case-01/plagiarized/L1/01/L1.java,1.0000000000000002
datasets/IR-Plag-Dataset/case-01/plagiarized/L3/04/hellow.java,datasets/IR-Plag-Dataset/case-01/plagiarized/L1/08/Kasus1L1.java,1.0000000000000002
datasets/IR-Plag-Dataset/case-01/original/T1.java,datasets/IR-Plag-Dataset/case-01/plagiarized/L1/07/Main.java,1.0000000000000002
datasets/IR-Plag-Dataset/case-01/original/T1.java,datasets/IR-Plag-Dataset/case-01/plagiarized/L1/09/Level1.java,1.0000000000000002
datasets/IR-Plag-Dataset/case-01/original/T1.java,datasets/IR-Plag-Dataset/case-01/plagiarized/L1/08/Kasus1L1.java,1.0000000000000002
datasets/IR-Plag-Dataset/case-01/original/T1.java,datasets/IR-Plag-Dataset/case-01/plagiarized/L1/01/L1.java,1.0000000000000002
datasets/IR-Plag-Dataset/case-01/original/T1.java,datasets/IR-Plag-Dataset/case-01/plagiarized/L1/06/HelloWorld.java,1.0000000000000002
datasets/IR-Plag-Dataset/case-01/plagiarized/L3/04/hellow.java,datasets/IR-Plag-Dataset/case-01/plagiarized/L3/02/Main.java,1.0000000000000002
datasets/IR-Plag-Dataset/case-01/plagiarized/L3/04/hellow.java,datasets/IR-Plag-Dataset/case-01/plagiarized/L3/01/L3.java,1.0000000000000002
datasets/IR-Plag-Dataset/case-01/plagiarized/L3/04/hellow.java,datasets/IR-Plag-Dataset/case-01/plagiarized/L3/06/Level3.java,1.0000000000000002
datasets/IR-Plag-Dataset/case-01/plagiarized/L3/04/hellow.java,datasets/IR-Plag-Dataset/case-01/plagiarized/L2/04/hellow.java,1.0000000000000002
datasets/IR-Plag-Dataset/case-01/plagiarized/L3/04/hellow.java,datasets/IR-Plag-Dataset/case-01/plagiarized/L2/05/PrintJava.java,1.0000000000000002
datasets/IR-Plag-Dataset/case-01/plagiarized/L3/04/hellow.java,datasets/IR-Plag-Dataset/case-01/plagiarized/L2/02/Main.java,1.0000000000000002
datasets/IR-Plag-Dataset/case-01/plagiarized/L3/04/hellow.java,datasets/IR-Plag-Dataset/case-01/plagiarized/L2/01/L2.java,1.0000000000000002
datasets/IR-Plag-Dataset/case-01/plagiarized/L3/04/hellow.java,datasets/IR-Plag-Dataset/case-01/plagiarized/L1/03/Main.java,1.0000000000000002
datasets/IR-Plag-Dataset/case-01/plagiarized/L3/04/hellow.java,datasets/IR-Plag-Dataset/case-01/plagiarized/L1/04/T1.java,1.0000000000000002
datasets/IR-Plag-Dataset/case-01/plagiarized/L3/04/hellow.java,datasets/IR-Plag-Dataset/case-01/plagiarized/L1/02/Main.java,1.0000000000000002
datasets/IR-Plag-Dataset/case-01/plagiarized/L3/04/hellow.java,datasets/IR-Plag-Dataset/case-01/plagiarized/L1/07/Main.java,1.0000000000000002
datasets/IR-Plag-Dataset/case-01/original/T1.java,datasets/IR-Plag-Dataset/case-01/plagiarized/L1/02/Main.java,1.0000000000000002
datasets/IR-Plag-Dataset/case-01/original/T1.java,datasets/IR-Plag-Dataset/case-01/plagiarized/L1/04/T1.java,1.0000000000000002
datasets/IR-Plag-Dataset/case-01/original/T1.java,datasets/IR-Plag-Dataset/case-01/plagiarized/L1/03/Main.java,1.0000000000000002
datasets/IR-Plag-Dataset/case-01/plagiarized/L2/04/hellow.java,datasets/IR-Plag-Dataset/case-01/plagiarized/L1/02/Main.java,1.0000000000000002
datasets/IR-Plag-Dataset/case-01/plagiarized/L2/05/PrintJava.java,datasets/IR-Plag-Dataset/case-01/plagiarized/L1/03/Main.java,1.0000000000000002
datasets/IR-Plag-Dataset/case-01/plagiarized/L2/05/PrintJava.java,datasets/IR-Plag-Dataset/case-01/plagiarized/L2/01/L2.java,1.0000000000000002
datasets/IR-Plag-Dataset/case-01/plagiarized/L2/05/PrintJava.java,datasets/IR-Plag-Dataset/case-01/plagiarized/L2/02/Main.java,1.0000000000000002
datasets/IR-Plag-Dataset/case-01/plagiarized/L2/04/hellow.java,datasets/IR-Plag-Dataset/case-01/plagiarized/L1/06/HelloWorld.java,1.0000000000000002
datasets/IR-Plag-Dataset/case-01/plagiarized/L2/04/hellow.java,datasets/IR-Plag-Dataset/case-01/plagiarized/L1/01/L1.java,1.0000000000000002
datasets/IR-Plag-Dataset/case-01/plagiarized/L2/04/hellow.java,datasets/IR-Plag-Dataset/case-01/plagiarized/L1/09/Level1.java,1.0000000000000002
datasets/IR-Plag-Dataset/case-01/plagiarized/L2/04/hellow.java,datasets/IR-Plag-Dataset/case-01/plagiarized/L1/07/Main.java,1.0000000000000002
datasets/IR-Plag-Dataset/case-01/original/T1.java,datasets/IR-Plag-Dataset/case-01/plagiarized/L2/04/hellow.java,1.0000000000000002
datasets/IR-Plag-Dataset/case-01/original/T1.java,datasets/IR-Plag-Dataset/case-01/plagiarized/L2/01/L2.java,1.0000000000000002
datasets/IR-Plag-Dataset/case-01/plagiarized/L2/04/hellow.java,datasets/IR-Plag-Dataset/case-01/plagiarized/L1/04/T1.java,1.0000000000000002
datasets/IR-Plag-Dataset/case-01/plagiarized/L2/04/hellow.java,datasets/IR-Plag-Dataset/case-01/plagiarized/L1/03/Main.java,1.0000000000000002
datasets/IR-Plag-Dataset/case-01/plagiarized/L2/04/hellow.java,datasets/IR-Plag-Dataset/case-01/plagiarized/L2/01/L2.java,1.0000000000000002
datasets/IR-Plag-Dataset/case-01/plagiarized/L2/04/hellow.java,datasets/IR-Plag-Dataset/case-01/plagiarized/L2/02/Main.java,1.0000000000000002
datasets/IR-Plag-Dataset/case-01/plagiarized/L2/04/hellow.java,datasets/IR-Plag-Dataset/case-01/plagiarized/L2/05/PrintJava.java,1.0000000000000002
datasets/IR-Plag-Dataset/case-01/original/T1.java,datasets/IR-Plag-Dataset/case-01/plagiarized/L2/05/PrintJava.java,1.0000000000000002
datasets/IR-Plag-Dataset/case-01/original/T1.java,datasets/IR-Plag-Dataset/case-01/plagiarized/L2/02/Main.java,1.0000000000000002
datasets/IR-Plag-Dataset/case-01/plagiarized/L3/04/hellow.java,datasets/IR-Plag-Dataset/case-01/plagiarized/L1/09/Level1.java,1.0000000000000002
datasets/IR-Plag-Dataset/case-01/plagiarized/L3/04/hellow.java,datasets/IR-Plag-Dataset/case-01/plagiarized/L1/01/L1.java,1.0000000000000002
datasets/IR-Plag-Dataset/case-01/original/T1.java,datasets/IR-Plag-Dataset/case-01/plagiarized/L3/06/Level3.java,1.0000000000000002
datasets/IR-Plag-Dataset/case-01/plagiarized/L3/04/hellow.java,datasets/IR-Plag-Dataset/case-01/plagiarized/L1/06/HelloWorld.java,1.0000000000000002
datasets/IR-Plag-Dataset/case-01/plagiarized/L3/01/L3.java,datasets/IR-Plag-Dataset/case-01/plagiarized/L1/04/T1.java,1.0000000000000002
datasets/IR-Plag-Dataset/case-01/plagiarized/L3/01/L3.java,datasets/IR-Plag-Dataset/case-01/plagiarized/L1/02/Main.java,1.0000000000000002
datasets/IR-Plag-Dataset/case-01/plagiarized/L3/01/L3.java,datasets/IR-Plag-Dataset/case-01/plagiarized/L1/07/Main.java,1.0000000000000002
datasets/IR-Plag-Dataset/case-01/plagiarized/L3/01/L3.java,datasets/IR-Plag-Dataset/case-01/plagiarized/L1/09/Level1.java,1.0000000000000002
datasets/IR-Plag-Dataset/case-01/plagiarized/L3/01/L3.java,datasets/IR-Plag-Dataset/case-01/plagiarized/L1/08/Kasus1L1.java,1.0000000000000002
datasets/IR-Plag-Dataset/case-01/plagiarized/L3/01/L3.java,datasets/IR-Plag-Dataset/case-01/plagiarized/L1/01/L1.java,1.0000000000000002
datasets/IR-Plag-Dataset/case-01/plagiarized/L3/01/L3.java,datasets/IR-Plag-Dataset/case-01/plagiarized/L1/06/HelloWorld.java,1.0000000000000002
datasets/IR-Plag-Dataset/case-01/plagiarized/L3/06/Level3.java,datasets/IR-Plag-Dataset/case-01/plagiarized/L2/04/hellow.java,1.0000000000000002
datasets/IR-Plag-Dataset/case-01/plagiarized/L3/06/Level3.java,datasets/IR-Plag-Dataset/case-01/plagiarized/L2/05/PrintJava.java,1.0000000000000002
datasets/IR-Plag-Dataset/case-01/plagiarized/L3/06/Level3.java,datasets/IR-Plag-Dataset/case-01/plagiarized/L2/02/Main.java,1.0000000000000002
datasets/IR-Plag-Dataset/case-01/plagiarized/L3/06/Level3.java,datasets/IR-Plag-Dataset/case-01/plagiarized/L2/01/L2.java,1.0000000000000002
datasets/IR-Plag-Dataset/case-01/plagiarized/L3/06/Level3.java,datasets/IR-Plag-Dataset/case-01/plagiarized/L1/03/Main.java,1.0000000000000002
datasets/IR-Plag-Dataset/case-01/plagiarized/L3/06/Level3.java,datasets/IR-Plag-Dataset/case-01/plagiarized/L1/04/T1.java,1.0000000000000002
datasets/IR-Plag-Dataset/case-01/plagiarized/L3/06/Level3.java,datasets/IR-Plag-Dataset/case-01/plagiarized/L1/02/Main.java,1.0000000000000002
datasets/IR-Plag-Dataset/case-01/plagiarized/L3/06/Level3.java,datasets/IR-Plag-Dataset/case-01/plagiarized/L1/07/Main.java,1.0000000000000002
datasets/IR-Plag-Dataset/case-01/plagiarized/L3/06/Level3.java,datasets/IR-Plag-Dataset/case-01/plagiarized/L1/09/Level1.java,1.0000000000000002
datasets/IR-Plag-Dataset/case-01/plagiarized/L3/06/Level3.java,datasets/IR-Plag-Dataset/case-01/plagiarized/L1/08/Kasus1L1.java,1.0000000000000002
datasets/IR-Plag-Dataset/case-01/plagiarized/L3/01/L3.java,datasets/IR-Plag-Dataset/case-01/plagiarized/L1/03/Main.java,1.0000000000000002
datasets/IR-Plag-Dataset/case-01/plagiarized/L3/01/L3.java,datasets/IR-Plag-Dataset/case-01/plagiarized/L2/01/L2.java,1.0000000000000002
datasets/IR-Plag-Dataset/case-01/plagiarized/L3/01/L3.java,datasets/IR-Plag-Dataset/case-01/plagiarized/L2/02/Main.java,1.0000000000000002
datasets/IR-Plag-Dataset/case-01/plagiarized/L3/02/Main.java,datasets/IR-Plag-Dataset/case-01/plagiarized/L1/04/T1.java,1.0000000000000002
datasets/IR-Plag-Dataset/case-01/plagiarized/L3/02/Main.java,datasets/IR-Plag-Dataset/case-01/plagiarized/L3/01/L3.java,1.0000000000000002
datasets/IR-Plag-Dataset/case-01/plagiarized/L3/02/Main.java,datasets/IR-Plag-Dataset/case-01/plagiarized/L3/06/Level3.java,1.0000000000000002
datasets/IR-Plag-Dataset/case-01/plagiarized/L3/02/Main.java,datasets/IR-Plag-Dataset/case-01/plagiarized/L2/04/hellow.java,1.0000000000000002
datasets/IR-Plag-Dataset/case-01/plagiarized/L3/02/Main.java,datasets/IR-Plag-Dataset/case-01/plagiarized/L2/05/PrintJava.java,1.0000000000000002
datasets/IR-Plag-Dataset/case-01/plagiarized/L3/02/Main.java,datasets/IR-Plag-Dataset/case-01/plagiarized/L2/02/Main.java,1.0000000000000002
datasets/IR-Plag-Dataset/case-01/plagiarized/L3/02/Main.java,datasets/IR-Plag-Dataset/case-01/plagiarized/L2/01/L2.java,1.0000000000000002
datasets/IR-Plag-Dataset/case-01/plagiarized/L3/02/Main.java,datasets/IR-Plag-Dataset/case-01/plagiarized/L1/03/Main.java,1.0000000000000002
datasets/IR-Plag-Dataset/case-01/plagiarized/L3/02/Main.java,datasets/IR-Plag-Dataset/case-01/plagiarized/L1/02/Main.java,1.0000000000000002
datasets/IR-Plag-Dataset/case-01/plagiarized/L3/01/L3.java,datasets/IR-Plag-Dataset/case-01/plagiarized/L2/05/PrintJava.java,1.0000000000000002
datasets/IR-Plag-Dataset/case-01/plagiarized/L3/02/Main.java,datasets/IR-Plag-Dataset/case-01/plagiarized/L1/07/Main.java,1.0000000000000002
datasets/IR-Plag-Dataset/case-01/plagiarized/L3/02/Main.java,datasets/IR-Plag-Dataset/case-01/plagiarized/L1/09/Level1.java,1.0000000000000002
datasets/IR-Plag-Dataset/case-01/plagiarized/L3/02/Main.java,datasets/IR-Plag-Dataset/case-01/plagiarized/L1/08/Kasus1L1.java,1.0000000000000002
datasets/IR-Plag-Dataset/case-01/plagiarized/L3/02/Main.java,datasets/IR-Plag-Dataset/case-01/plagiarized/L1/01/L1.java,1.0000000000000002
datasets/IR-Plag-Dataset/case-01/plagiarized/L3/02/Main.java,datasets/IR-Plag-Dataset/case-01/plagiarized/L1/06/HelloWorld.java,1.0000000000000002
datasets/IR-Plag-Dataset/case-01/plagiarized/L3/01/L3.java,datasets/IR-Plag-Dataset/case-01/plagiarized/L3/06/Level3.java,1.0000000000000002
datasets/IR-Plag-Dataset/case-01/plagiarized/L3/01/L3.java,datasets/IR-Plag-Dataset/case-01/plagiarized/L2/04/hellow.java,1.0000000000000002
datasets/IR-Plag-Dataset/case-01/plagiarized/L2/05/PrintJava.java,datasets/IR-Plag-Dataset/case-01/plagiarized/L1/04/T1.java,1.0000000000000002
datasets/IR-Plag-Dataset/case-01/plagiarized/L2/04/hellow.java,datasets/IR-Plag-Dataset/case-01/plagiarized/L1/08/Kasus1L1.java,1.0000000000000002
datasets/IR-Plag-Dataset/case-01/plagiarized/L2/05/PrintJava.java,datasets/IR-Plag-Dataset/case-01/plagiarized/L1/02/Main.java,1.0000000000000002
datasets/IR-Plag-Dataset/case-01/non-plagiarized/13/No1.java,datasets/IR-Plag-Dataset/case-01/plagiarized/L3/02/Main.java,1.0000000000000002
datasets/IR-Plag-Dataset/case-01/non-plagiarized/13/No1.java,datasets/IR-Plag-Dataset/case-01/plagiarized/L3/06/Level3.java,1.0000000000000002
datasets/IR-Plag-Dataset/case-01/non-plagiarized/13/No1.java,datasets/IR-Plag-Dataset/case-01/plagiarized/L2/04/hellow.java,1.0000000000000002
datasets/IR-Plag-Dataset/case-01/non-plagiarized/13/No1.java,datasets/IR-Plag-Dataset/case-01/plagiarized/L2/05/PrintJava.java,1.0000000000000002
datasets/IR-Plag-Dataset/case-01/plagiarized/L1/04/T1.java,datasets/IR-Plag-Dataset/case-01/plagiarized/L1/06/HelloWorld.java,1.0000000000000002
datasets/IR-Plag-Dataset/case-01/plagiarized/L1/04/T1.java,datasets/IR-Plag-Dataset/case-01/plagiarized/L1/01/L1.java,1.0000000000000002
datasets/IR-Plag-Dataset/case-01/plagiarized/L1/04/T1.java,datasets/IR-Plag-Dataset/case-01/plagiarized/L1/08/Kasus1L1.java,1.0000000000000002
datasets/IR-Plag-Dataset/case-01/plagiarized/L1/04/T1.java,datasets/IR-Plag-Dataset/case-01/plagiarized/L1/09/Level1.java,1.0000000000000002
datasets/IR-Plag-Dataset/case-01/plagiarized/L1/04/T1.java,datasets/IR-Plag-Dataset/case-01/plagiarized/L1/07/Main.java,1.0000000000000002
datasets/IR-Plag-Dataset/case-01/plagiarized/L1/04/T1.java,datasets/IR-Plag-Dataset/case-01/plagiarized/L1/02/Main.java,1.0000000000000002
datasets/IR-Plag-Dataset/case-01/non-plagiarized/13/No1.java,datasets/IR-Plag-Dataset/case-01/plagiarized/L2/02/Main.java,1.0000000000000002
datasets/IR-Plag-Dataset/case-01/plagiarized/L2/05/PrintJava.java,datasets/IR-Plag-Dataset/case-01/plagiarized/L1/07/Main.java,1.0000000000000002
datasets/IR-Plag-Dataset/case-01/plagiarized/L1/03/Main.java,datasets/IR-Plag-Dataset/case-01/plagiarized/L1/06/HelloWorld.java,1.0000000000000002
datasets/IR-Plag-Dataset/case-01/plagiarized/L1/03/Main.java,datasets/IR-Plag-Dataset/case-01/plagiarized/L1/01/L1.java,1.0000000000000002
datasets/IR-Plag-Dataset/case-01/plagiarized/L1/03/Main.java,datasets/IR-Plag-Dataset/case-01/plagiarized/L1/08/Kasus1L1.java,1.0000000000000002
datasets/IR-Plag-Dataset/case-01/plagiarized/L1/03/Main.java,datasets/IR-Plag-Dataset/case-01/plagiarized/L1/09/Level1.java,1.0000000000000002
datasets/IR-Plag-Dataset/case-01/non-plagiarized/13/No1.java,datasets/IR-Plag-Dataset/case-01/plagiarized/L3/01/L3.java,1.0000000000000002
datasets/IR-Plag-Dataset/case-01/non-plagiarized/13/No1.java,datasets/IR-Plag-Dataset/case-01/plagiarized/L3/04/hellow.java,1.0000000000000002
datasets/IR-Plag-Dataset/case-01/plagiarized/L1/03/Main.java,datasets/IR-Plag-Dataset/case-01/plagiarized/L1/02/Main.java,1.0000000000000002
datasets/IR-Plag-Dataset/case-01/plagiarized/L1/02/Main.java,datasets/IR-Plag-Dataset/case-01/plagiarized/L1/07/Main.java,1.0000000000000002
datasets/IR-Plag-Dataset/case-01/non-plagiarized/13/No1.java,datasets/IR-Plag-Dataset/case-01/original/T1.java,1.0000000000000002
datasets/IR-Plag-Dataset/case-01/plagiarized/L1/01/L1.java,datasets/IR-Plag-Dataset/case-01/plagiarized/L1/06/HelloWorld.java,1.0000000000000002
datasets/IR-Plag-Dataset/case-01/plagiarized/L1/08/Kasus1L1.java,datasets/IR-Plag-Dataset/case-01/plagiarized/L1/06/HelloWorld.java,1.0000000000000002
datasets/IR-Plag-Dataset/case-01/plagiarized/L1/08/Kasus1L1.java,datasets/IR-Plag-Dataset/case-01/plagiarized/L1/01/L1.java,1.0000000000000002
datasets/IR-Plag-Dataset/case-01/plagiarized/L1/09/Level1.java,datasets/IR-Plag-Dataset/case-01/plagiarized/L1/06/HelloWorld.java,1.0000000000000002
datasets/IR-Plag-Dataset/case-01/plagiarized/L1/09/Level1.java,datasets/IR-Plag-Dataset/case-01/plagiarized/L1/01/L1.java,1.0000000000000002
datasets/IR-Plag-Dataset/case-01/plagiarized/L1/09/Level1.java,datasets/IR-Plag-Dataset/case-01/plagiarized/L1/08/Kasus1L1.java,1.0000000000000002
datasets/IR-Plag-Dataset/case-01/plagiarized/L1/07/Main.java,datasets/IR-Plag-Dataset/case-01/plagiarized/L1/06/HelloWorld.java,1.0000000000000002
datasets/IR-Plag-Dataset/case-01/plagiarized/L1/07/Main.java,datasets/IR-Plag-Dataset/case-01/plagiarized/L1/01/L1.java,1.0000000000000002
datasets/IR-Plag-Dataset/case-01/plagiarized/L1/07/Main.java,datasets/IR-Plag-Dataset/case-01/plagiarized/L1/08/Kasus1L1.java,1.0000000000000002
datasets/IR-Plag-Dataset/case-01/plagiarized/L1/07/Main.java,datasets/IR-Plag-Dataset/case-01/plagiarized/L1/09/Level1.java,1.0000000000000002
datasets/IR-Plag-Dataset/case-01/plagiarized/L1/02/Main.java,datasets/IR-Plag-Dataset/case-01/plagiarized/L1/06/HelloWorld.java,1.0000000000000002
datasets/IR-Plag-Dataset/case-01/plagiarized/L1/02/Main.java,datasets/IR-Plag-Dataset/case-01/plagiarized/L1/01/L1.java,1.0000000000000002
datasets/IR-Plag-Dataset/case-01/plagiarized/L1/02/Main.java,datasets/IR-Plag-Dataset/case-01/plagiarized/L1/08/Kasus1L1.java,1.0000000000000002
datasets/IR-Plag-Dataset/case-01/plagiarized/L1/02/Main.java,datasets/IR-Plag-Dataset/case-01/plagiarized/L1/09/Level1.java,1.0000000000000002
datasets/IR-Plag-Dataset/case-01/plagiarized/L1/03/Main.java,datasets/IR-Plag-Dataset/case-01/plagiarized/L1/07/Main.java,1.0000000000000002
datasets/IR-Plag-Dataset/case-01/plagiarized/L3/06/Level3.java,datasets/IR-Plag-Dataset/case-01/plagiarized/L1/06/HelloWorld.java,1.0000000000000002
datasets/IR-Plag-Dataset/case-01/non-plagiarized/13/No1.java,datasets/IR-Plag-Dataset/case-01/plagiarized/L2/01/L2.java,1.0000000000000002
datasets/IR-Plag-Dataset/case-01/plagiarized/L2/01/L2.java,datasets/IR-Plag-Dataset/case-01/plagiarized/L1/03/Main.java,1.0000000000000002
datasets/IR-Plag-Dataset/case-01/non-plagiarized/13/No1.java,datasets/IR-Plag-Dataset/case-01/plagiarized/L1/06/HelloWorld.java,1.0000000000000002
datasets/IR-Plag-Dataset/case-01/original/T1.java,datasets/IR-Plag-Dataset/case-01/plagiarized/L3/04/hellow.java,1.0000000000000002
datasets/IR-Plag-Dataset/case-01/plagiarized/L2/02/Main.java,datasets/IR-Plag-Dataset/case-01/plagiarized/L1/06/HelloWorld.java,1.0000000000000002
datasets/IR-Plag-Dataset/case-01/original/T1.java,datasets/IR-Plag-Dataset/case-01/plagiarized/L3/02/Main.java,1.0000000000000002
datasets/IR-Plag-Dataset/case-01/plagiarized/L2/02/Main.java,datasets/IR-Plag-Dataset/case-01/plagiarized/L1/01/L1.java,1.0000000000000002
datasets/IR-Plag-Dataset/case-01/plagiarized/L1/03/Main.java,datasets/IR-Plag-Dataset/case-01/plagiarized/L1/04/T1.java,1.0000000000000002
datasets/IR-Plag-Dataset/case-01/plagiarized/L2/02/Main.java,datasets/IR-Plag-Dataset/case-01/plagiarized/L1/08/Kasus1L1.java,1.0000000000000002
datasets/IR-Plag-Dataset/case-01/plagiarized/L2/05/PrintJava.java,datasets/IR-Plag-Dataset/case-01/plagiarized/L1/09/Level1.java,1.0000000000000002
datasets/IR-Plag-Dataset/case-01/plagiarized/L2/02/Main.java,datasets/IR-Plag-Dataset/case-01/plagiarized/L1/09/Level1.java,1.0000000000000002
datasets/IR-Plag-Dataset/case-01/plagiarized/L2/05/PrintJava.java,datasets/IR-Plag-Dataset/case-01/plagiarized/L1/08/Kasus1L1.java,1.0000000000000002
datasets/IR-Plag-Dataset/case-01/plagiarized/L2/02/Main.java,datasets/IR-Plag-Dataset/case-01/plagiarized/L1/07/Main.java,1.0000000000000002
datasets/IR-Plag-Dataset/case-01/plagiarized/L2/02/Main.java,datasets/IR-Plag-Dataset/case-01/plagiarized/L1/02/Main.java,1.0000000000000002
datasets/IR-Plag-Dataset/case-01/original/T1.java,datasets/IR-Plag-Dataset/case-01/plagiarized/L3/01/L3.java,1.0000000000000002
datasets/IR-Plag-Dataset/case-01/plagiarized/L2/02/Main.java,datasets/IR-Plag-Dataset/case-01/plagiarized/L1/04/T1.java,1.0000000000000002
datasets/IR-Plag-Dataset/case-01/plagiarized/L2/02/Main.java,datasets/IR-Plag-Dataset/case-01/plagiarized/L1/03/Main.java,1.0000000000000002
datasets/IR-Plag-Dataset/case-01/plagiarized/L2/02/Main.java,datasets/IR-Plag-Dataset/case-01/plagiarized/L2/01/L2.java,1.0000000000000002
datasets/IR-Plag-Dataset/case-01/plagiarized/L2/05/PrintJava.java,datasets/IR-Plag-Dataset/case-01/plagiarized/L1/06/HelloWorld.java,1.0000000000000002
datasets/IR-Plag-Dataset/case-01/non-plagiarized/13/No1.java,datasets/IR-Plag-Dataset/case-01/plagiarized/L1/08/Kasus1L1.java,1.0000000000000002
datasets/IR-Plag-Dataset/case-01/non-plagiarized/13/No1.java,datasets/IR-Plag-Dataset/case-01/plagiarized/L1/01/L1.java,1.0000000000000002
datasets/IR-Plag-Dataset/case-01/non-plagiarized/13/No1.java,datasets/IR-Plag-Dataset/case-01/plagiarized/L1/09/Level1.java,1.0000000000000002
datasets/IR-Plag-Dataset/case-01/plagiarized/L2/01/L2.java,datasets/IR-Plag-Dataset/case-01/plagiarized/L1/02/Main.java,1.0000000000000002
datasets/IR-Plag-Dataset/case-01/plagiarized/L2/01/L2.java,datasets/IR-Plag-Dataset/case-01/plagiarized/L1/06/HelloWorld.java,1.0000000000000002
datasets/IR-Plag-Dataset/case-01/plagiarized/L2/01/L2.java,datasets/IR-Plag-Dataset/case-01/plagiarized/L1/01/L1.java,1.0000000000000002
datasets/IR-Plag-Dataset/case-01/plagiarized/L2/01/L2.java,datasets/IR-Plag-Dataset/case-01/plagiarized/L1/08/Kasus1L1.java,1.0000000000000002
datasets/IR-Plag-Dataset/case-01/plagiarized/L2/01/L2.java,datasets/IR-Plag-Dataset/case-01/plagiarized/L1/09/Level1.java,1.0000000000000002
datasets/IR-Plag-Dataset/case-01/plagiarized/L2/01/L2.java,datasets/IR-Plag-Dataset/case-01/plagiarized/L1/07/Main.java,1.0000000000000002
datasets/IR-Plag-Dataset/case-01/plagiarized/L2/05/PrintJava.java,datasets/IR-Plag-Dataset/case-01/plagiarized/L1/01/L1.java,1.0000000000000002
datasets/IR-Plag-Dataset/case-01/non-plagiarized/13/No1.java,datasets/IR-Plag-Dataset/case-01/plagiarized/L1/03/Main.java,1.0000000000000002
datasets/IR-Plag-Dataset/case-01/plagiarized/L2/01/L2.java,datasets/IR-Plag-Dataset/case-01/plagiarized/L1/04/T1.java,1.0000000000000002
datasets/IR-Plag-Dataset/case-01/non-plagiarized/13/No1.java,datasets/IR-Plag-Dataset/case-01/plagiarized/L1/04/T1.java,1.0000000000000002
datasets/IR-Plag-Dataset/case-01/non-plagiarized/13/No1.java,datasets/IR-Plag-Dataset/case-01/plagiarized/L1/02/Main.java,1.0000000000000002
datasets/IR-Plag-Dataset/case-01/non-plagiarized/13/No1.java,datasets/IR-Plag-Dataset/case-01/plagiarized/L1/07/Main.java,1.0000000000000002
datasets/IR-Plag-Dataset/case-01/plagiarized/L4/03/Main.java,datasets/IR-Plag-Dataset/case-01/plagiarized/L4/01/L4.java,1.0
datasets/IR-Plag-Dataset/case-01/plagiarized/L5/04/hellow.java,datasets/IR-Plag-Dataset/case-01/plagiarized/L6/06/hellow.java,1.0
datasets/IR-Plag-Dataset/case-01/non-plagiarized/01/T01.java,datasets/IR-Plag-Dataset/case-01/non-plagiarized/12/T01.java,0.9999999999999994
datasets/IR-Plag-Dataset/case-01/non-plagiarized/09/t01.java,datasets/IR-Plag-Dataset/case-01/non-plagiarized/12/T01.java,0.9999999999999994
datasets/IR-Plag-Dataset/case-01/non-plagiarized/09/t01.java,datasets/IR-Plag-Dataset/case-01/non-plagiarized/06/T01.java,0.9999999999999994
datasets/IR-Plag-Dataset/case-01/non-plagiarized/09/t01.java,datasets/IR-Plag-Dataset/case-01/non-plagiarized/08/T01.java,0.9999999999999994
datasets/IR-Plag-Dataset/case-01/non-plagiarized/01/T01.java,datasets/IR-Plag-Dataset/case-01/non-plagiarized/06/T01.java,0.9999999999999994
datasets/IR-Plag-Dataset/case-01/non-plagiarized/08/T01.java,datasets/IR-Plag-Dataset/case-01/non-plagiarized/12/T01.java,0.9999999999999994
datasets/IR-Plag-Dataset/case-01/non-plagiarized/08/T01.java,datasets/IR-Plag-Dataset/case-01/non-plagiarized/01/T01.java,0.9999999999999994
datasets/IR-Plag-Dataset/case-01/non-plagiarized/06/T01.java,datasets/IR-Plag-Dataset/case-01/non-plagiarized/12/T01.java,0.9999999999999994
datasets/IR-Plag-Dataset/case-01/non-plagiarized/09/t01.java,datasets/IR-Plag-Dataset/case-01/non-plagiarized/01/T01.java,0.9999999999999994
datasets/IR-Plag-Dataset/case-01/non-plagiarized/11/T01.java,datasets/IR-Plag-Dataset/case-01/non-plagiarized/12/T01.java,0.9999999999999994
datasets/IR-Plag-Dataset/case-01/non-plagiarized/11/T01.java,datasets/IR-Plag-Dataset/case-01/non-plagiarized/10/Main.java,0.9999999999999994
datasets/IR-Plag-Dataset/case-01/non-plagiarized/11/T01.java,datasets/IR-Plag-Dataset/case-01/non-plagiarized/09/t01.java,0.9999999999999994
datasets/IR-Plag-Dataset/case-01/non-plagiarized/11/T01.java,datasets/IR-Plag-Dataset/case-01/non-plagiarized/08/T01.java,0.9999999999999994
datasets/IR-Plag-Dataset/case-01/non-plagiarized/11/T01.java,datasets/IR-Plag-Dataset/case-01/non-plagiarized/01/T01.java,0.9999999999999994
datasets/IR-Plag-Dataset/case-01/non-plagiarized/11/T01.java,datasets/IR-Plag-Dataset/case-01/non-plagiarized/06/T01.java,0.9999999999999994
datasets/IR-Plag-Dataset/case-01/non-plagiarized/03/Nomor1_2451041557A22145B3701B0184109CAB013.java,datasets/IR-Plag-Dataset/case-01/non-plagiarized/05/T01.java,0.9999999999999994
datasets/IR-Plag-Dataset/case-01/non-plagiarized/10/Main.java,datasets/IR-Plag-Dataset/case-01/non-plagiarized/09/t01.java,0.9999999999999994
datasets/IR-Plag-Dataset/case-01/non-plagiarized/10/Main.java,datasets/IR-Plag-Dataset/case-01/non-plagiarized/08/T01.java,0.9999999999999994
datasets/IR-Plag-Dataset/case-01/non-plagiarized/10/Main.java,datasets/IR-Plag-Dataset/case-01/non-plagiarized/06/T01.java,0.9999999999999994
datasets/IR-Plag-Dataset/case-01/non-plagiarized/10/Main.java,datasets/IR-Plag-Dataset/case-01/non-plagiarized/12/T01.java,0.9999999999999994
datasets/IR-Plag-Dataset/case-01/non-plagiarized/10/Main.java,datasets/IR-Plag-Dataset/case-01/non-plagiarized/01/T01.java,0.9999999999999994
datasets/IR-Plag-Dataset/case-01/non-plagiarized/03/Nomor1_2451041557A22145B3701B0184109CAB013.java,datasets/IR-Plag-Dataset/case-01/non-plagiarized/04/T01.java,0.9999999999999994
datasets/IR-Plag-Dataset/case-01/non-plagiarized/08/T01.java,datasets/IR-Plag-Dataset/case-01/non-plagiarized/06/T01.java,0.9999999999999994
datasets/IR-Plag-Dataset/case-01/non-plagiarized/02/T01.java,datasets/IR-Plag-Dataset/case-01/non-plagiarized/09/t01.java,0.9999999999999994
datasets/IR-Plag-Dataset/case-01/non-plagiarized/02/T01.java,datasets/IR-Plag-Dataset/case-01/non-plagiarized/11/T01.java,0.9999999999999994
datasets/IR-Plag-Dataset/case-01/non-plagiarized/04/T01.java,datasets/IR-Plag-Dataset/case-01/non-plagiarized/05/T01.java,0.9999999999999994
datasets/IR-Plag-Dataset/case-01/non-plagiarized/04/T01.java,datasets/IR-Plag-Dataset/case-01/non-plagiarized/02/T01.java,0.9999999999999994
datasets/IR-Plag-Dataset/case-01/non-plagiarized/04/T01.java,datasets/IR-Plag-Dataset/case-01/non-plagiarized/11/T01.java,0.9999999999999994
datasets/IR-Plag-Dataset/case-01/non-plagiarized/04/T01.java,datasets/IR-Plag-Dataset/case-01/non-plagiarized/10/Main.java,0.9999999999999994
datasets/IR-Plag-Dataset/case-01/non-plagiarized/04/T01.java,datasets/IR-Plag-Dataset/case-01/non-plagiarized/09/t01.java,0.9999999999999994
datasets/IR-Plag-Dataset/case-01/non-plagiarized/04/T01.java,datasets/IR-Plag-Dataset/case-01/non-plagiarized/08/T01.java,0.9999999999999994
datasets/IR-Plag-Dataset/case-01/non-plagiarized/04/T01.java,datasets/IR-Plag-Dataset/case-01/non-plagiarized/01/T01.java,0.9999999999999994
datasets/IR-Plag-Dataset/case-01/non-plagiarized/04/T01.java,datasets/IR-Plag-Dataset/case-01/non-plagiarized/06/T01.java,0.9999999999999994
datasets/IR-Plag-Dataset/case-01/non-plagiarized/04/T01.java,datasets/IR-Plag-Dataset/case-01/non-plagiarized/12/T01.java,0.9999999999999994
datasets/IR-Plag-Dataset/case-01/non-plagiarized/05/T01.java,datasets/IR-Plag-Dataset/case-01/non-plagiarized/02/T01.java,0.9999999999999994
datasets/IR-Plag-Dataset/case-01/non-plagiarized/05/T01.java,datasets/IR-Plag-Dataset/case-01/non-plagiarized/11/T01.java,0.9999999999999994
datasets/IR-Plag-Dataset/case-01/non-plagiarized/05/T01.java,datasets/IR-Plag-Dataset/case-01/non-plagiarized/10/Main.java,0.9999999999999994
datasets/IR-Plag-Dataset/case-01/non-plagiarized/05/T01.java,datasets/IR-Plag-Dataset/case-01/non-plagiarized/09/t01.java,0.9999999999999994
datasets/IR-Plag-Dataset/case-01/non-plagiarized/05/T01.java,datasets/IR-Plag-Dataset/case-01/non-plagiarized/08/T01.java,0.9999999999999994
datasets/IR-Plag-Dataset/case-01/non-plagiarized/05/T01.java,datasets/IR-Plag-Dataset/case-01/non-plagiarized/01/T01.java,0.9999999999999994
datasets/IR-Plag-Dataset/case-01/non-plagiarized/05/T01.java,datasets/IR-Plag-Dataset/case-01/non-plagiarized/06/T01.java,0.9999999999999994
datasets/IR-Plag-Dataset/case-01/non-plagiarized/02/T01.java,datasets/IR-Plag-Dataset/case-01/non-plagiarized/10/Main.java,0.9999999999999994
datasets/IR-Plag-Dataset/case-01/non-plagiarized/05/T01.java,datasets/IR-Plag-Dataset/case-01/non-plagiarized/12/T01.java,0.9999999999999994
datasets/IR-Plag-Dataset/case-01/non-plagiarized/03/Nomor1_2451041557A22145B3701B0184109CAB013.java,datasets/IR-Plag-Dataset/case-01/non-plagiarized/10/Main.java,0.9999999999999994
datasets/IR-Plag-Dataset/case-01/non-plagiarized/03/Nomor1_2451041557A22145B3701B0184109CAB013.java,datasets/IR-Plag-Dataset/case-01/non-plagiarized/08/T01.java,0.9999999999999994
datasets/IR-Plag-Dataset/case-01/non-plagiarized/02/T01.java,datasets/IR-Plag-Dataset/case-01/non-plagiarized/12/T01.java,0.9999999999999994
datasets/IR-Plag-Dataset/case-01/non-plagiarized/03/Nomor1_2451041557A22145B3701B0184109CAB013.java,datasets/IR-Plag-Dataset/case-01/non-plagiarized/09/t01.java,0.9999999999999994
datasets/IR-Plag-Dataset/case-01/non-plagiarized/03/Nomor1_2451041557A22145B3701B0184109CAB013.java,datasets/IR-Plag-Dataset/case-01/non-plagiarized/06/T01.java,0.9999999999999994
datasets/IR-Plag-Dataset/case-01/non-plagiarized/02/T01.java,datasets/IR-Plag-Dataset/case-01/non-plagiarized/06/T01.java,0.9999999999999994
datasets/IR-Plag-Dataset/case-01/non-plagiarized/03/Nomor1_2451041557A22145B3701B0184109CAB013.java,datasets/IR-Plag-Dataset/case-01/non-plagiarized/01/T01.java,0.9999999999999994
datasets/IR-Plag-Dataset/case-01/non-plagiarized/03/Nomor1_2451041557A22145B3701B0184109CAB013.java,datasets/IR-Plag-Dataset/case-01/non-plagiarized/02/T01.java,0.9999999999999994
datasets/IR-Plag-Dataset/case-01/non-plagiarized/02/T01.java,datasets/IR-Plag-Dataset/case-01/non-plagiarized/01/T01.java,0.9999999999999994
datasets/IR-Plag-Dataset/case-01/non-plagiarized/02/T01.java,datasets/IR-Plag-Dataset/case-01/non-plagiarized/08/T01.java,0.9999999999999994
datasets/IR-Plag-Dataset/case-01/non-plagiarized/03/Nomor1_2451041557A22145B3701B0184109CAB013.java,datasets/IR-Plag-Dataset/case-01/non-plagiarized/11/T01.java,0.9999999999999994
datasets/IR-Plag-Dataset/case-01/non-plagiarized/03/Nomor1_2451041557A22145B3701B0184109CAB013.java,datasets/IR-Plag-Dataset/case-01/non-plagiarized/12/T01.java,0.9999999999999994
datasets/IR-Plag-Dataset/case-01/plagiarized/L3/03/HelloWorld.java,datasets/IR-Plag-Dataset/case-01/plagiarized/L1/08/Kasus1L1.java,0.9981902443697526
datasets/IR-Plag-Dataset/case-01/plagiarized/L3/02/Main.java,datasets/IR-Plag-Dataset/case-01/plagiarized/L1/05/HelloWorld.java,0.9981902443697526
datasets/IR-Plag-Dataset/case-01/plagiarized/L3/03/HelloWorld.java,datasets/IR-Plag-Dataset/case-01/plagiarized/L1/01/L1.java,0.9981902443697526
datasets/IR-Plag-Dataset/case-01/plagiarized/L1/05/HelloWorld.java,datasets/IR-Plag-Dataset/case-01/plagiarized/L1/01/L1.java,0.9981902443697526
datasets/IR-Plag-Dataset/case-01/original/T1.java,datasets/IR-Plag-Dataset/case-01/plagiarized/L1/05/HelloWorld.java,0.9981902443697526
datasets/IR-Plag-Dataset/case-01/plagiarized/L3/03/HelloWorld.java,datasets/IR-Plag-Dataset/case-01/plagiarized/L1/06/HelloWorld.java,0.9981902443697526
datasets/IR-Plag-Dataset/case-01/plagiarized/L2/02/Main.java,datasets/IR-Plag-Dataset/case-01/plagiarized/L1/05/HelloWorld.java,0.9981902443697526
datasets/IR-Plag-Dataset/case-01/plagiarized/L3/03/HelloWorld.java,datasets/IR-Plag-Dataset/case-01/plagiarized/L1/09/Level1.java,0.9981902443697526
datasets/IR-Plag-Dataset/case-01/plagiarized/L3/03/HelloWorld.java,datasets/IR-Plag-Dataset/case-01/plagiarized/L1/02/Main.java,0.9981902443697526
datasets/IR-Plag-Dataset/case-01/plagiarized/L3/03/HelloWorld.java,datasets/IR-Plag-Dataset/case-01/plagiarized/L3/04/hellow.java,0.9981902443697526
datasets/IR-Plag-Dataset/case-01/plagiarized/L3/03/HelloWorld.java,datasets/IR-Plag-Dataset/case-01/plagiarized/L3/02/Main.java,0.9981902443697526
datasets/IR-Plag-Dataset/case-01/plagiarized/L3/03/HelloWorld.java,datasets/IR-Plag-Dataset/case-01/plagiarized/L3/01/L3.java,0.9981902443697526
datasets/IR-Plag-Dataset/case-01/plagiarized/L3/03/HelloWorld.java,datasets/IR-Plag-Dataset/case-01/plagiarized/L3/06/Level3.java,0.9981902443697526
datasets/IR-Plag-Dataset/case-01/plagiarized/L3/03/HelloWorld.java,datasets/IR-Plag-Dataset/case-01/plagiarized/L1/04/T1.java,0.9981902443697526
datasets/IR-Plag-Dataset/case-01/plagiarized/L3/03/HelloWorld.java,datasets/IR-Plag-Dataset/case-01/plagiarized/L2/04/hellow.java,0.9981902443697526
datasets/IR-Plag-Dataset/case-01/plagiarized/L3/03/HelloWorld.java,datasets/IR-Plag-Dataset/case-01/plagiarized/L2/05/PrintJava.java,0.9981902443697526
datasets/IR-Plag-Dataset/case-01/plagiarized/L3/03/HelloWorld.java,datasets/IR-Plag-Dataset/case-01/plagiarized/L2/02/Main.java,0.9981902443697526
datasets/IR-Plag-Dataset/case-01/plagiarized/L3/03/HelloWorld.java,datasets/IR-Plag-Dataset/case-01/plagiarized/L1/07/Main.java,0.9981902443697526
datasets/IR-Plag-Dataset/case-01/plagiarized/L2/05/PrintJava.java,datasets/IR-Plag-Dataset/case-01/plagiarized/L1/05/HelloWorld.java,0.9981902443697526
datasets/IR-Plag-Dataset/case-01/plagiarized/L2/01/L2.java,datasets/IR-Plag-Dataset/case-01/plagiarized/L1/05/HelloWorld.java,0.9981902443697526
datasets/IR-Plag-Dataset/case-01/non-plagiarized/13/No1.java,datasets/IR-Plag-Dataset/case-01/plagiarized/L1/05/HelloWorld.java,0.9981902443697526
datasets/IR-Plag-Dataset/case-01/plagiarized/L1/05/HelloWorld.java,datasets/IR-Plag-Dataset/case-01/plagiarized/L1/08/Kasus1L1.java,0.9981902443697526
datasets/IR-Plag-Dataset/case-01/plagiarized/L1/05/HelloWorld.java,datasets/IR-Plag-Dataset/case-01/plagiarized/L1/09/Level1.java,0.9981902443697526
datasets/IR-Plag-Dataset/case-01/plagiarized/L1/05/HelloWorld.java,datasets/IR-Plag-Dataset/case-01/plagiarized/L1/07/Main.java,0.9981902443697526
datasets/IR-Plag-Dataset/case-01/plagiarized/L1/05/HelloWorld.java,datasets/IR-Plag-Dataset/case-01/plagiarized/L1/02/Main.java,0.9981902443697526
datasets/IR-Plag-Dataset/case-01/plagiarized/L1/04/T1.java,datasets/IR-Plag-Dataset/case-01/plagiarized/L1/05/HelloWorld.java,0.9981902443697526
datasets/IR-Plag-Dataset/case-01/plagiarized/L1/03/Main.java,datasets/IR-Plag-Dataset/case-01/plagiarized/L1/05/HelloWorld.java,0.9981902443697526
datasets/IR-Plag-Dataset/case-01/plagiarized/L3/01/L3.java,datasets/IR-Plag-Dataset/case-01/plagiarized/L1/05/HelloWorld.java,0.9981902443697526
datasets/IR-Plag-Dataset/case-01/plagiarized/L3/03/HelloWorld.java,datasets/IR-Plag-Dataset/case-01/plagiarized/L2/01/L2.java,0.9981902443697526
datasets/IR-Plag-Dataset/case-01/plagiarized/L3/06/Level3.java,datasets/IR-Plag-Dataset/case-01/plagiarized/L1/05/HelloWorld.java,0.9981902443697526
datasets/IR-Plag-Dataset/case-01/plagiarized/L1/05/HelloWorld.java,datasets/IR-Plag-Dataset/case-01/plagiarized/L1/06/HelloWorld.java,0.9981902443697526
datasets/IR-Plag-Dataset/case-01/original/T1.java,datasets/IR-Plag-Dataset/case-01/plagiarized/L3/03/HelloWorld.java,0.9981902443697526
datasets/IR-Plag-Dataset/case-01/non-plagiarized/13/No1.java,datasets/IR-Plag-Dataset/case-01/plagiarized/L3/03/HelloWorld.java,0.9981902443697526
datasets/IR-Plag-Dataset/case-01/plagiarized/L3/04/hellow.java,datasets/IR-Plag-Dataset/case-01/plagiarized/L1/05/HelloWorld.java,0.9981902443697526
datasets/IR-Plag-Dataset/case-01/plagiarized/L3/03/HelloWorld.java,datasets/IR-Plag-Dataset/case-01/plagiarized/L1/03/Main.java,0.9981902443697526
datasets/IR-Plag-Dataset/case-01/plagiarized/L2/04/hellow.java,datasets/IR-Plag-Dataset/case-01/plagiarized/L1/05/HelloWorld.java,0.9981902443697526
datasets/IR-Plag-Dataset/case-01/plagiarized/L4/05/hellow.java,datasets/IR-Plag-Dataset/case-01/plagiarized/L4/01/L4.java,0.9666461799464418
datasets/IR-Plag-Dataset/case-01/plagiarized/L4/03/Main.java,datasets/IR-Plag-Dataset/case-01/plagiarized/L4/05/hellow.java,0.9666461799464418
datasets/IR-Plag-Dataset/case-01/plagiarized/L3/04/hellow.java,datasets/IR-Plag-Dataset/case-01/plagiarized/L2/03/WelcomeToJava.java,0.9664851017529967
datasets/IR-Plag-Dataset/case-01/plagiarized/L2/03/WelcomeToJava.java,datasets/IR-Plag-Dataset/case-01/plagiarized/L2/04/hellow.java,0.9664851017529967
datasets/IR-Plag-Dataset/case-01/plagiarized/L2/03/WelcomeToJava.java,datasets/IR-Plag-Dataset/case-01/plagiarized/L2/05/PrintJava.java,0.9664851017529967
datasets/IR-Plag-Dataset/case-01/plagiarized/L3/06/Level3.java,datasets/IR-Plag-Dataset/case-01/plagiarized/L2/03/WelcomeToJava.java,0.9664851017529967
datasets/IR-Plag-Dataset/case-01/plagiarized/L2/03/WelcomeToJava.java,datasets/IR-Plag-Dataset/case-01/plagiarized/L1/09/Level1.java,0.9664851017529967
datasets/IR-Plag-Dataset/case-01/plagiarized/L3/02/Main.java,datasets/IR-Plag-Dataset/case-01/plagiarized/L2/03/WelcomeToJava.java,0.9664851017529967
datasets/IR-Plag-Dataset/case-01/non-plagiarized/13/No1.java,datasets/IR-Plag-Dataset/case-01/plagiarized/L2/03/WelcomeToJava.java,0.9664851017529967
datasets/IR-Plag-Dataset/case-01/plagiarized/L3/01/L3.java,datasets/IR-Plag-Dataset/case-01/plagiarized/L2/03/WelcomeToJava.java,0.9664851017529967
datasets/IR-Plag-Dataset/case-01/original/T1.java,datasets/IR-Plag-Dataset/case-01/plagiarized/L2/03/WelcomeToJava.java,0.9664851017529967
datasets/IR-Plag-Dataset/case-01/plagiarized/L2/03/WelcomeToJava.java,datasets/IR-Plag-Dataset/case-01/plagiarized/L1/06/HelloWorld.java,0.9664851017529967
datasets/IR-Plag-Dataset/case-01/plagiarized/L2/03/WelcomeToJava.java,datasets/IR-Plag-Dataset/case-01/plagiarized/L1/01/L1.java,0.9664851017529967
datasets/IR-Plag-Dataset/case-01/plagiarized/L2/03/WelcomeToJava.java,datasets/IR-Plag-Dataset/case-01/plagiarized/L1/08/Kasus1L1.java,0.9664851017529967
datasets/IR-Plag-Dataset/case-01/plagiarized/L2/03/WelcomeToJava.java,datasets/IR-Plag-Dataset/case-01/plagiarized/L1/02/Main.java,0.9664851017529967
datasets/IR-Plag-Dataset/case-01/plagiarized/L2/03/WelcomeToJava.java,datasets/IR-Plag-Dataset/case-01/plagiarized/L1/07/Main.java,0.9664851017529967
datasets/IR-Plag-Dataset/case-01/plagiarized/L2/03/WelcomeToJava.java,datasets/IR-Plag-Dataset/case-01/plagiarized/L1/04/T1.java,0.9664851017529967
datasets/IR-Plag-Dataset/case-01/plagiarized/L2/03/WelcomeToJava.java,datasets/IR-Plag-Dataset/case-01/plagiarized/L1/03/Main.java,0.9664851017529967
datasets/IR-Plag-Dataset/case-01/plagiarized/L2/03/WelcomeToJava.java,datasets/IR-Plag-Dataset/case-01/plagiarized/L2/01/L2.java,0.9664851017529967
datasets/IR-Plag-Dataset/case-01/plagiarized/L2/03/WelcomeToJava.java,datasets/IR-Plag-Dataset/case-01/plagiarized/L2/02/Main.java,0.9664851017529967
datasets/IR-Plag-Dataset/case-01/plagiarized/L6/07/PrintJava.java,datasets/IR-Plag-Dataset/case-01/plagiarized/L6/01/L6.java,0.9652208592887014
datasets/IR-Plag-Dataset/case-01/plagiarized/L2/03/WelcomeToJava.java,datasets/IR-Plag-Dataset/case-01/plagiarized/L1/05/HelloWorld.java,0.9647549811344251
datasets/IR-Plag-Dataset/case-01/plagiarized/L3/03/HelloWorld.java,datasets/IR-Plag-Dataset/case-01/plagiarized/L2/03/WelcomeToJava.java,0.9647549811344251
datasets/IR-Plag-Dataset/case-01/plagiarized/L5/05/PrintJava.java,datasets/IR-Plag-Dataset/case-01/plagiarized/L5/02/Main.java,0.9632703619538697
datasets/IR-Plag-Dataset/case-01/plagiarized/L5/05/PrintJava.java,datasets/IR-Plag-Dataset/case-01/plagiarized/L5/01/L5.java,0.961307908502229
datasets/IR-Plag-Dataset/case-01/plagiarized/L3/05/Kasus1L3.java,datasets/IR-Plag-Dataset/case-01/plagiarized/L2/02/Main.java,0.9567424097223836
datasets/IR-Plag-Dataset/case-01/plagiarized/L3/05/Kasus1L3.java,datasets/IR-Plag-Dataset/case-01/plagiarized/L1/08/Kasus1L1.java,0.9567424097223836
datasets/IR-Plag-Dataset/case-01/plagiarized/L3/05/Kasus1L3.java,datasets/IR-Plag-Dataset/case-01/plagiarized/L1/07/Main.java,0.9567424097223836
datasets/IR-Plag-Dataset/case-01/plagiarized/L3/05/Kasus1L3.java,datasets/IR-Plag-Dataset/case-01/plagiarized/L1/02/Main.java,0.9567424097223836
datasets/IR-Plag-Dataset/case-01/plagiarized/L3/05/Kasus1L3.java,datasets/IR-Plag-Dataset/case-01/plagiarized/L1/04/T1.java,0.9567424097223836
datasets/IR-Plag-Dataset/case-01/plagiarized/L3/05/Kasus1L3.java,datasets/IR-Plag-Dataset/case-01/plagiarized/L1/03/Main.java,0.9567424097223836
datasets/IR-Plag-Dataset/case-01/plagiarized/L3/05/Kasus1L3.java,datasets/IR-Plag-Dataset/case-01/plagiarized/L2/01/L2.java,0.9567424097223836
datasets/IR-Plag-Dataset/case-01/plagiarized/L3/05/Kasus1L3.java,datasets/IR-Plag-Dataset/case-01/plagiarized/L1/01/L1.java,0.9567424097223836
datasets/IR-Plag-Dataset/case-01/plagiarized/L3/05/Kasus1L3.java,datasets/IR-Plag-Dataset/case-01/plagiarized/L2/05/PrintJava.java,0.9567424097223836
datasets/IR-Plag-Dataset/case-01/plagiarized/L3/04/hellow.java,datasets/IR-Plag-Dataset/case-01/plagiarized/L3/05/Kasus1L3.java,0.9567424097223836
datasets/IR-Plag-Dataset/case-01/plagiarized/L3/05/Kasus1L3.java,datasets/IR-Plag-Dataset/case-01/plagiarized/L2/04/hellow.java,0.9567424097223836
datasets/IR-Plag-Dataset/case-01/plagiarized/L3/05/Kasus1L3.java,datasets/IR-Plag-Dataset/case-01/plagiarized/L1/06/HelloWorld.java,0.9567424097223836
datasets/IR-Plag-Dataset/case-01/original/T1.java,datasets/IR-Plag-Dataset/case-01/plagiarized/L3/05/Kasus1L3.java,0.9567424097223836
datasets/IR-Plag-Dataset/case-01/non-plagiarized/13/No1.java,datasets/IR-Plag-Dataset/case-01/plagiarized/L3/05/Kasus1L3.java,0.9567424097223836
datasets/IR-Plag-Dataset/case-01/plagiarized/L3/05/Kasus1L3.java,datasets/IR-Plag-Dataset/case-01/plagiarized/L1/09/Level1.java,0.9567424097223836
datasets/IR-Plag-Dataset/case-01/plagiarized/L3/05/Kasus1L3.java,datasets/IR-Plag-Dataset/case-01/plagiarized/L3/02/Main.java,0.9567424097223836
datasets/IR-Plag-Dataset/case-01/plagiarized/L3/05/Kasus1L3.java,datasets/IR-Plag-Dataset/case-01/plagiarized/L3/01/L3.java,0.9567424097223836
datasets/IR-Plag-Dataset/case-01/plagiarized/L3/05/Kasus1L3.java,datasets/IR-Plag-Dataset/case-01/plagiarized/L3/06/Level3.java,0.9567424097223836
datasets/IR-Plag-Dataset/case-01/plagiarized/L3/05/Kasus1L3.java,datasets/IR-Plag-Dataset/case-01/plagiarized/L1/05/HelloWorld.java,0.9551946264045922
datasets/IR-Plag-Dataset/case-01/plagiarized/L3/03/HelloWorld.java,datasets/IR-Plag-Dataset/case-01/plagiarized/L3/05/Kasus1L3.java,0.9551946264045922
datasets/IR-Plag-Dataset/case-01/plagiarized/L4/01/L4.java,datasets/IR-Plag-Dataset/case-01/plagiarized/L1/07/Main.java,0.9501947939579638
datasets/IR-Plag-Dataset/case-01/plagiarized/L4/01/L4.java,datasets/IR-Plag-Dataset/case-01/plagiarized/L1/04/T1.java,0.9501947939579638
datasets/IR-Plag-Dataset/case-01/plagiarized/L4/01/L4.java,datasets/IR-Plag-Dataset/case-01/plagiarized/L1/03/Main.java,0.9501947939579638
datasets/IR-Plag-Dataset/case-01/plagiarized/L3/01/L3.java,datasets/IR-Plag-Dataset/case-01/plagiarized/L4/01/L4.java,0.9501947939579638
datasets/IR-Plag-Dataset/case-01/plagiarized/L4/01/L4.java,datasets/IR-Plag-Dataset/case-01/plagiarized/L2/01/L2.java,0.9501947939579638
datasets/IR-Plag-Dataset/case-01/plagiarized/L3/01/L3.java,datasets/IR-Plag-Dataset/case-01/plagiarized/L4/03/Main.java,0.9501947939579638
datasets/IR-Plag-Dataset/case-01/original/T1.java,datasets/IR-Plag-Dataset/case-01/plagiarized/L4/01/L4.java,0.9501947939579638
datasets/IR-Plag-Dataset/case-01/original/T1.java,datasets/IR-Plag-Dataset/case-01/plagiarized/L4/03/Main.java,0.9501947939579638
datasets/IR-Plag-Dataset/case-01/plagiarized/L4/01/L4.java,datasets/IR-Plag-Dataset/case-01/plagiarized/L2/04/hellow.java,0.9501947939579638
datasets/IR-Plag-Dataset/case-01/plagiarized/L4/01/L4.java,datasets/IR-Plag-Dataset/case-01/plagiarized/L2/05/PrintJava.java,0.9501947939579638
datasets/IR-Plag-Dataset/case-01/plagiarized/L4/01/L4.java,datasets/IR-Plag-Dataset/case-01/plagiarized/L2/02/Main.java,0.9501947939579638
datasets/IR-Plag-Dataset/case-01/plagiarized/L4/01/L4.java,datasets/IR-Plag-Dataset/case-01/plagiarized/L1/02/Main.java,0.9501947939579638
datasets/IR-Plag-Dataset/case-01/plagiarized/L4/01/L4.java,datasets/IR-Plag-Dataset/case-01/plagiarized/L1/08/Kasus1L1.java,0.9501947939579638
datasets/IR-Plag-Dataset/case-01/plagiarized/L3/06/Level3.java,datasets/IR-Plag-Dataset/case-01/plagiarized/L4/03/Main.java,0.9501947939579638
datasets/IR-Plag-Dataset/case-01/non-plagiarized/13/No1.java,datasets/IR-Plag-Dataset/case-01/plagiarized/L4/01/L4.java,0.9501947939579638
datasets/IR-Plag-Dataset/case-01/non-plagiarized/13/No1.java,datasets/IR-Plag-Dataset/case-01/plagiarized/L4/03/Main.java,0.9501947939579638
datasets/IR-Plag-Dataset/case-01/plagiarized/L3/06/Level3.java,datasets/IR-Plag-Dataset/case-01/plagiarized/L4/01/L4.java,0.9501947939579638
datasets/IR-Plag-Dataset/case-01/plagiarized/L4/03/Main.java,datasets/IR-Plag-Dataset/case-01/plagiarized/L1/06/HelloWorld.java,0.9501947939579638
datasets/IR-Plag-Dataset/case-01/plagiarized/L4/03/Main.java,datasets/IR-Plag-Dataset/case-01/plagiarized/L1/01/L1.java,0.9501947939579638
datasets/IR-Plag-Dataset/case-01/plagiarized/L4/03/Main.java,datasets/IR-Plag-Dataset/case-01/plagiarized/L1/08/Kasus1L1.java,0.9501947939579638
datasets/IR-Plag-Dataset/case-01/plagiarized/L4/03/Main.java,datasets/IR-Plag-Dataset/case-01/plagiarized/L1/09/Level1.java,0.9501947939579638
datasets/IR-Plag-Dataset/case-01/plagiarized/L4/03/Main.java,datasets/IR-Plag-Dataset/case-01/plagiarized/L1/07/Main.java,0.9501947939579638
datasets/IR-Plag-Dataset/case-01/plagiarized/L4/03/Main.java,datasets/IR-Plag-Dataset/case-01/plagiarized/L1/02/Main.java,0.9501947939579638
datasets/IR-Plag-Dataset/case-01/plagiarized/L4/03/Main.java,datasets/IR-Plag-Dataset/case-01/plagiarized/L2/04/hellow.java,0.9501947939579638
datasets/IR-Plag-Dataset/case-01/plagiarized/L4/03/Main.java,datasets/IR-Plag-Dataset/case-01/plagiarized/L2/05/PrintJava.java,0.9501947939579638
datasets/IR-Plag-Dataset/case-01/plagiarized/L4/03/Main.java,datasets/IR-Plag-Dataset/case-01/plagiarized/L2/02/Main.java,0.9501947939579638
datasets/IR-Plag-Dataset/case-01/plagiarized/L4/03/Main.java,datasets/IR-Plag-Dataset/case-01/plagiarized/L2/01/L2.java,0.9501947939579638
datasets/IR-Plag-Dataset/case-01/plagiarized/L4/01/L4.java,datasets/IR-Plag-Dataset/case-01/plagiarized/L1/09/Level1.java,0.9501947939579638
datasets/IR-Plag-Dataset/case-01/plagiarized/L4/03/Main.java,datasets/IR-Plag-Dataset/case-01/plagiarized/L1/04/T1.java,0.9501947939579638
datasets/IR-Plag-Dataset/case-01/plagiarized/L4/01/L4.java,datasets/IR-Plag-Dataset/case-01/plagiarized/L1/01/L1.java,0.9501947939579638
datasets/IR-Plag-Dataset/case-01/plagiarized/L3/04/hellow.java,datasets/IR-Plag-Dataset/case-01/plagiarized/L4/03/Main.java,0.9501947939579638
datasets/IR-Plag-Dataset/case-01/plagiarized/L4/03/Main.java,datasets/IR-Plag-Dataset/case-01/plagiarized/L1/03/Main.java,0.9501947939579638
datasets/IR-Plag-Dataset/case-01/plagiarized/L4/01/L4.java,datasets/IR-Plag-Dataset/case-01/plagiarized/L1/06/HelloWorld.java,0.9501947939579638
datasets/IR-Plag-Dataset/case-01/plagiarized/L3/02/Main.java,datasets/IR-Plag-Dataset/case-01/plagiarized/L4/03/Main.java,0.9501947939579638
datasets/IR-Plag-Dataset/case-01/plagiarized/L3/04/hellow.java,datasets/IR-Plag-Dataset/case-01/plagiarized/L4/01/L4.java,0.9501947939579638
datasets/IR-Plag-Dataset/case-01/plagiarized/L3/02/Main.java,datasets/IR-Plag-Dataset/case-01/plagiarized/L4/01/L4.java,0.9501947939579638
datasets/IR-Plag-Dataset/case-01/plagiarized/L5/02/Main.java,datasets/IR-Plag-Dataset/case-01/plagiarized/L5/01/L5.java,0.9494672541022438
datasets/IR-Plag-Dataset/case-01/plagiarized/L3/03/HelloWorld.java,datasets/IR-Plag-Dataset/case-01/plagiarized/L4/01/L4.java,0.9478201251825801
datasets/IR-Plag-Dataset/case-01/plagiarized/L3/03/HelloWorld.java,datasets/IR-Plag-Dataset/case-01/plagiarized/L4/03/Main.java,0.9478201251825801
datasets/IR-Plag-Dataset/case-01/plagiarized/L4/03/Main.java,datasets/IR-Plag-Dataset/case-01/plagiarized/L1/05/HelloWorld.java,0.9478201251825801
datasets/IR-Plag-Dataset/case-01/plagiarized/L4/01/L4.java,datasets/IR-Plag-Dataset/case-01/plagiarized/L1/05/HelloWorld.java,0.9478201251825801
datasets/IR-Plag-Dataset/case-01/plagiarized/L3/05/Kasus1L3.java,datasets/IR-Plag-Dataset/case-01/plagiarized/L4/06/Level4.java,0.9435275103068417
datasets/IR-Plag-Dataset/case-01/plagiarized/L3/06/Level3.java,datasets/IR-Plag-Dataset/case-01/plagiarized/L4/05/hellow.java,0.9351948750973594
datasets/IR-Plag-Dataset/case-01/plagiarized/L4/05/hellow.java,datasets/IR-Plag-Dataset/case-01/plagiarized/L1/07/Main.java,0.9351948750973594
datasets/IR-Plag-Dataset/case-01/non-plagiarized/13/No1.java,datasets/IR-Plag-Dataset/case-01/plagiarized/L4/05/hellow.java,0.9351948750973594
datasets/IR-Plag-Dataset/case-01/plagiarized/L3/04/hellow.java,datasets/IR-Plag-Dataset/case-01/plagiarized/L4/05/hellow.java,0.9351948750973594
datasets/IR-Plag-Dataset/case-01/plagiarized/L4/05/hellow.java,datasets/IR-Plag-Dataset/case-01/plagiarized/L2/04/hellow.java,0.9351948750973594
datasets/IR-Plag-Dataset/case-01/plagiarized/L4/05/hellow.java,datasets/IR-Plag-Dataset/case-01/plagiarized/L2/05/PrintJava.java,0.9351948750973594
datasets/IR-Plag-Dataset/case-01/plagiarized/L4/05/hellow.java,datasets/IR-Plag-Dataset/case-01/plagiarized/L2/02/Main.java,0.9351948750973594
datasets/IR-Plag-Dataset/case-01/plagiarized/L4/05/hellow.java,datasets/IR-Plag-Dataset/case-01/plagiarized/L2/01/L2.java,0.9351948750973594
datasets/IR-Plag-Dataset/case-01/plagiarized/L4/05/hellow.java,datasets/IR-Plag-Dataset/case-01/plagiarized/L1/04/T1.java,0.9351948750973594
datasets/IR-Plag-Dataset/case-01/plagiarized/L4/05/hellow.java,datasets/IR-Plag-Dataset/case-01/plagiarized/L1/02/Main.java,0.9351948750973594
datasets/IR-Plag-Dataset/case-01/plagiarized/L4/05/hellow.java,datasets/IR-Plag-Dataset/case-01/plagiarized/L1/03/Main.java,0.9351948750973594
datasets/IR-Plag-Dataset/case-01/plagiarized/L4/05/hellow.java,datasets/IR-Plag-Dataset/case-01/plagiarized/L1/09/Level1.java,0.9351948750973594
datasets/IR-Plag-Dataset/case-01/plagiarized/L4/05/hellow.java,datasets/IR-Plag-Dataset/case-01/plagiarized/L1/06/HelloWorld.java,0.9351948750973594
datasets/IR-Plag-Dataset/case-01/plagiarized/L3/01/L3.java,datasets/IR-Plag-Dataset/case-01/plagiarized/L4/05/hellow.java,0.9351948750973594
datasets/IR-Plag-Dataset/case-01/original/T1.java,datasets/IR-Plag-Dataset/case-01/plagiarized/L4/05/hellow.java,0.9351948750973594
datasets/IR-Plag-Dataset/case-01/plagiarized/L3/02/Main.java,datasets/IR-Plag-Dataset/case-01/plagiarized/L4/05/hellow.java,0.9351948750973594
datasets/IR-Plag-Dataset/case-01/plagiarized/L4/05/hellow.java,datasets/IR-Plag-Dataset/case-01/plagiarized/L1/01/L1.java,0.9351948750973594
datasets/IR-Plag-Dataset/case-01/plagiarized/L4/05/hellow.java,datasets/IR-Plag-Dataset/case-01/plagiarized/L1/08/Kasus1L1.java,0.9351948750973594
datasets/IR-Plag-Dataset/case-01/plagiarized/L3/03/HelloWorld.java,datasets/IR-Plag-Dataset/case-01/plagiarized/L4/05/hellow.java,0.9337962899140596
datasets/IR-Plag-Dataset/case-01/plagiarized/L4/05/hellow.java,datasets/IR-Plag-Dataset/case-01/plagiarized/L1/05/HelloWorld.java,0.9337962899140596
datasets/IR-Plag-Dataset/case-01/plagiarized/L4/05/hellow.java,datasets/IR-Plag-Dataset/case-01/plagiarized/L4/06/Level4.java,0.9318638586809457
datasets/IR-Plag-Dataset/case-01/plagiarized/L4/06/Level4.java,datasets/IR-Plag-Dataset/case-01/plagiarized/L2/01/L2.java,0.9259156658326415
datasets/IR-Plag-Dataset/case-01/plagiarized/L4/06/Level4.java,datasets/IR-Plag-Dataset/case-01/plagiarized/L1/04/T1.java,0.9259156658326415
datasets/IR-Plag-Dataset/case-01/plagiarized/L4/06/Level4.java,datasets/IR-Plag-Dataset/case-01/plagiarized/L1/08/Kasus1L1.java,0.9259156658326415
datasets/IR-Plag-Dataset/case-01/plagiarized/L4/06/Level4.java,datasets/IR-Plag-Dataset/case-01/plagiarized/L1/01/L1.java,0.9259156658326415
datasets/IR-Plag-Dataset/case-01/plagiarized/L4/06/Level4.java,datasets/IR-Plag-Dataset/case-01/plagiarized/L1/06/HelloWorld.java,0.9259156658326415
datasets/IR-Plag-Dataset/case-01/plagiarized/L4/06/Level4.java,datasets/IR-Plag-Dataset/case-01/plagiarized/L1/09/Level1.java,0.9259156658326415
datasets/IR-Plag-Dataset/case-01/plagiarized/L4/06/Level4.java,datasets/IR-Plag-Dataset/case-01/plagiarized/L2/04/hellow.java,0.9259156658326415
datasets/IR-Plag-Dataset/case-01/plagiarized/L4/06/Level4.java,datasets/IR-Plag-Dataset/case-01/plagiarized/L2/05/PrintJava.java,0.9259156658326415
datasets/IR-Plag-Dataset/case-01/plagiarized/L4/06/Level4.java,datasets/IR-Plag-Dataset/case-01/plagiarized/L1/02/Main.java,0.9259156658326415
datasets/IR-Plag-Dataset/case-01/plagiarized/L3/02/Main.java,datasets/IR-Plag-Dataset/case-01/plagiarized/L4/06/Level4.java,0.9259156658326415
datasets/IR-Plag-Dataset/case-01/plagiarized/L4/06/Level4.java,datasets/IR-Plag-Dataset/case-01/plagiarized/L1/03/Main.java,0.9259156658326415
datasets/IR-Plag-Dataset/case-01/plagiarized/L3/04/hellow.java,datasets/IR-Plag-Dataset/case-01/plagiarized/L4/06/Level4.java,0.9259156658326415
datasets/IR-Plag-Dataset/case-01/plagiarized/L4/06/Level4.java,datasets/IR-Plag-Dataset/case-01/plagiarized/L2/02/Main.java,0.9259156658326415
datasets/IR-Plag-Dataset/case-01/plagiarized/L3/06/Level3.java,datasets/IR-Plag-Dataset/case-01/plagiarized/L4/06/Level4.java,0.9259156658326415
datasets/IR-Plag-Dataset/case-01/original/T1.java,datasets/IR-Plag-Dataset/case-01/plagiarized/L4/06/Level4.java,0.9259156658326415
datasets/IR-Plag-Dataset/case-01/non-plagiarized/13/No1.java,datasets/IR-Plag-Dataset/case-01/plagiarized/L4/06/Level4.java,0.9259156658326415
datasets/IR-Plag-Dataset/case-01/plagiarized/L3/01/L3.java,datasets/IR-Plag-Dataset/case-01/plagiarized/L4/06/Level4.java,0.9259156658326415
datasets/IR-Plag-Dataset/case-01/plagiarized/L4/06/Level4.java,datasets/IR-Plag-Dataset/case-01/plagiarized/L1/07/Main.java,0.9259156658326415
datasets/IR-Plag-Dataset/case-01/plagiarized/L3/05/Kasus1L3.java,datasets/IR-Plag-Dataset/case-01/plagiarized/L2/03/WelcomeToJava.java,0.9256750622286302
datasets/IR-Plag-Dataset/case-01/plagiarized/L4/06/Level4.java,datasets/IR-Plag-Dataset/case-01/plagiarized/L1/05/HelloWorld.java,0.9248148223026227
datasets/IR-Plag-Dataset/case-01/plagiarized/L3/03/HelloWorld.java,datasets/IR-Plag-Dataset/case-01/plagiarized/L4/06/Level4.java,0.9248148223026227
datasets/IR-Plag-Dataset/case-01/non-plagiarized/04/T01.java,datasets/IR-Plag-Dataset/case-01/non-plagiarized/15/T01.java,0.9208441408582847
datasets/IR-Plag-Dataset/case-01/non-plagiarized/09/t01.java,datasets/IR-Plag-Dataset/case-01/non-plagiarized/15/T01.java,0.9208441408582847
datasets/IR-Plag-Dataset/case-01/non-plagiarized/15/T01.java,datasets/IR-Plag-Dataset/case-01/non-plagiarized/12/T01.java,0.9208441408582847
datasets/IR-Plag-Dataset/case-01/non-plagiarized/02/T01.java,datasets/IR-Plag-Dataset/case-01/non-plagiarized/15/T01.java,0.9208441408582847
datasets/IR-Plag-Dataset/case-01/non-plagiarized/05/T01.java,datasets/IR-Plag-Dataset/case-01/non-plagiarized/15/T01.java,0.9208441408582847
datasets/IR-Plag-Dataset/case-01/non-plagiarized/10/Main.java,datasets/IR-Plag-Dataset/case-01/non-plagiarized/15/T01.java,0.9208441408582847
datasets/IR-Plag-Dataset/case-01/non-plagiarized/11/T01.java,datasets/IR-Plag-Dataset/case-01/non-plagiarized/15/T01.java,0.9208441408582847
datasets/IR-Plag-Dataset/case-01/non-plagiarized/03/Nomor1_2451041557A22145B3701B0184109CAB013.java,datasets/IR-Plag-Dataset/case-01/non-plagiarized/15/T01.java,0.9208441408582847
datasets/IR-Plag-Dataset/case-01/non-plagiarized/06/T01.java,datasets/IR-Plag-Dataset/case-01/non-plagiarized/15/T01.java,0.9208441408582847
datasets/IR-Plag-Dataset/case-01/non-plagiarized/08/T01.java,datasets/IR-Plag-Dataset/case-01/non-plagiarized/15/T01.java,0.9208441408582847
datasets/IR-Plag-Dataset/case-01/non-plagiarized/01/T01.java,datasets/IR-Plag-Dataset/case-01/non-plagiarized/15/T01.java,0.9208441408582847
datasets/IR-Plag-Dataset/case-01/plagiarized/L4/03/Main.java,datasets/IR-Plag-Dataset/case-01/plagiarized/L2/03/WelcomeToJava.java,0.9199440960722223
datasets/IR-Plag-Dataset/case-01/plagiarized/L4/01/L4.java,datasets/IR-Plag-Dataset/case-01/plagiarized/L2/03/WelcomeToJava.java,0.9199440960722223
datasets/IR-Plag-Dataset/case-01/plagiarized/L4/03/Main.java,datasets/IR-Plag-Dataset/case-01/plagiarized/L4/04/HelloWorld.java,0.9190930180226935
datasets/IR-Plag-Dataset/case-01/plagiarized/L4/04/HelloWorld.java,datasets/IR-Plag-Dataset/case-01/plagiarized/L4/01/L4.java,0.9190930180226935
datasets/IR-Plag-Dataset/case-01/plagiarized/L3/05/Kasus1L3.java,datasets/IR-Plag-Dataset/case-01/plagiarized/L4/03/Main.java,0.910938481653267
datasets/IR-Plag-Dataset/case-01/plagiarized/L3/05/Kasus1L3.java,datasets/IR-Plag-Dataset/case-01/plagiarized/L4/01/L4.java,0.910938481653267
datasets/IR-Plag-Dataset/case-01/plagiarized/L4/05/hellow.java,datasets/IR-Plag-Dataset/case-01/plagiarized/L2/03/WelcomeToJava.java,0.9054435060248303
datasets/IR-Plag-Dataset/case-01/non-plagiarized/08/T01.java,datasets/IR-Plag-Dataset/case-01/plagiarized/L5/02/Main.java,0.9027457390886078
datasets/IR-Plag-Dataset/case-01/non-plagiarized/02/T01.java,datasets/IR-Plag-Dataset/case-01/plagiarized/L5/02/Main.java,0.9027457390886078
datasets/IR-Plag-Dataset/case-01/non-plagiarized/10/Main.java,datasets/IR-Plag-Dataset/case-01/plagiarized/L5/02/Main.java,0.9027457390886078
datasets/IR-Plag-Dataset/case-01/non-plagiarized/12/T01.java,datasets/IR-Plag-Dataset/case-01/plagiarized/L5/02/Main.java,0.9027457390886078
datasets/IR-Plag-Dataset/case-01/non-plagiarized/01/T01.java,datasets/IR-Plag-Dataset/case-01/plagiarized/L5/02/Main.java,0.9027457390886078
datasets/IR-Plag-Dataset/case-01/non-plagiarized/09/t01.java,datasets/IR-Plag-Dataset/case-01/plagiarized/L5/02/Main.java,0.9027457390886078
datasets/IR-Plag-Dataset/case-01/non-plagiarized/05/T01.java,datasets/IR-Plag-Dataset/case-01/plagiarized/L5/02/Main.java,0.9027457390886078
datasets/IR-Plag-Dataset/case-01/non-plagiarized/06/T01.java,datasets/IR-Plag-Dataset/case-01/plagiarized/L5/02/Main.java,0.9027457390886078
datasets/IR-Plag-Dataset/case-01/non-plagiarized/11/T01.java,datasets/IR-Plag-Dataset/case-01/plagiarized/L5/02/Main.java,0.9027457390886078
datasets/IR-Plag-Dataset/case-01/non-plagiarized/04/T01.java,datasets/IR-Plag-Dataset/case-01/plagiarized/L5/02/Main.java,0.9027457390886078
datasets/IR-Plag-Dataset/case-01/non-plagiarized/03/Nomor1_2451041557A22145B3701B0184109CAB013.java,datasets/IR-Plag-Dataset/case-01/plagiarized/L5/02/Main.java,0.9027457390886078
datasets/IR-Plag-Dataset/case-01/plagiarized/L4/03/Main.java,datasets/IR-Plag-Dataset/case-01/plagiarized/L4/06/Level4.java,0.9012611685755139
datasets/IR-Plag-Dataset/case-01/plagiarized/L4/01/L4.java,datasets/IR-Plag-Dataset/case-01/plagiarized/L4/06/Level4.java,0.9012611685755139
datasets/IR-Plag-Dataset/case-01/plagiarized/L3/05/Kasus1L3.java,datasets/IR-Plag-Dataset/case-01/plagiarized/L4/05/hellow.java,0.8967143894811189
datasets/IR-Plag-Dataset/case-01/plagiarized/L4/06/Level4.java,datasets/IR-Plag-Dataset/case-01/plagiarized/L2/03/WelcomeToJava.java,0.896091686069999
datasets/IR-Plag-Dataset/case-01/plagiarized/L4/04/HelloWorld.java,datasets/IR-Plag-Dataset/case-01/plagiarized/L4/05/hellow.java,0.8918950657905462
datasets/IR-Plag-Dataset/case-01/plagiarized/L6/03/Main.java,datasets/IR-Plag-Dataset/case-01/plagiarized/L6/07/PrintJava.java,0.8832857150654359
datasets/IR-Plag-Dataset/case-01/non-plagiarized/02/T01.java,datasets/IR-Plag-Dataset/case-01/non-plagiarized/07/Main.java,0.8821379271750351
datasets/IR-Plag-Dataset/case-01/non-plagiarized/04/T01.java,datasets/IR-Plag-Dataset/case-01/non-plagiarized/07/Main.java,0.8821379271750351
datasets/IR-Plag-Dataset/case-01/non-plagiarized/10/Main.java,datasets/IR-Plag-Dataset/case-01/non-plagiarized/07/Main.java,0.8821379271750351
datasets/IR-Plag-Dataset/case-01/non-plagiarized/11/T01.java,datasets/IR-Plag-Dataset/case-01/non-plagiarized/07/Main.java,0.8821379271750351
datasets/IR-Plag-Dataset/case-01/non-plagiarized/07/Main.java,datasets/IR-Plag-Dataset/case-01/non-plagiarized/09/t01.java,0.8821379271750351
datasets/IR-Plag-Dataset/case-01/non-plagiarized/03/Nomor1_2451041557A22145B3701B0184109CAB013.java,datasets/IR-Plag-Dataset/case-01/non-plagiarized/07/Main.java,0.8821379271750351
datasets/IR-Plag-Dataset/case-01/non-plagiarized/07/Main.java,datasets/IR-Plag-Dataset/case-01/non-plagiarized/12/T01.java,0.8821379271750351
datasets/IR-Plag-Dataset/case-01/non-plagiarized/07/Main.java,datasets/IR-Plag-Dataset/case-01/non-plagiarized/06/T01.java,0.8821379271750351
datasets/IR-Plag-Dataset/case-01/non-plagiarized/07/Main.java,datasets/IR-Plag-Dataset/case-01/non-plagiarized/01/T01.java,0.8821379271750351
datasets/IR-Plag-Dataset/case-01/non-plagiarized/07/Main.java,datasets/IR-Plag-Dataset/case-01/non-plagiarized/08/T01.java,0.8821379271750351
datasets/IR-Plag-Dataset/case-01/non-plagiarized/05/T01.java,datasets/IR-Plag-Dataset/case-01/non-plagiarized/07/Main.java,0.8821379271750351
datasets/IR-Plag-Dataset/case-01/plagiarized/L3/03/HelloWorld.java,datasets/IR-Plag-Dataset/case-01/plagiarized/L4/04/HelloWorld.java,0.8788972813120601
datasets/IR-Plag-Dataset/case-01/plagiarized/L4/04/HelloWorld.java,datasets/IR-Plag-Dataset/case-01/plagiarized/L1/05/HelloWorld.java,0.8788972813120601
datasets/IR-Plag-Dataset/case-01/non-plagiarized/04/T01.java,datasets/IR-Plag-Dataset/case-01/plagiarized/L5/05/PrintJava.java,0.8785096729852685
datasets/IR-Plag-Dataset/case-01/non-plagiarized/09/t01.java,datasets/IR-Plag-Dataset/case-01/plagiarized/L5/05/PrintJava.java,0.8785096729852685
datasets/IR-Plag-Dataset/case-01/non-plagiarized/01/T01.java,datasets/IR-Plag-Dataset/case-01/plagiarized/L5/05/PrintJava.java,0.8785096729852685
datasets/IR-Plag-Dataset/case-01/non-plagiarized/10/Main.java,datasets/IR-Plag-Dataset/case-01/plagiarized/L5/05/PrintJava.java,0.8785096729852685
datasets/IR-Plag-Dataset/case-01/non-plagiarized/11/T01.java,datasets/IR-Plag-Dataset/case-01/plagiarized/L5/05/PrintJava.java,0.8785096729852685
datasets/IR-Plag-Dataset/case-01/non-plagiarized/12/T01.java,datasets/IR-Plag-Dataset/case-01/plagiarized/L5/05/PrintJava.java,0.8785096729852685
datasets/IR-Plag-Dataset/case-01/non-plagiarized/08/T01.java,datasets/IR-Plag-Dataset/case-01/plagiarized/L5/05/PrintJava.java,0.8785096729852685
datasets/IR-Plag-Dataset/case-01/non-plagiarized/03/Nomor1_2451041557A22145B3701B0184109CAB013.java,datasets/IR-Plag-Dataset/case-01/plagiarized/L5/05/PrintJava.java,0.8785096729852685
datasets/IR-Plag-Dataset/case-01/non-plagiarized/02/T01.java,datasets/IR-Plag-Dataset/case-01/plagiarized/L5/05/PrintJava.java,0.8785096729852685
datasets/IR-Plag-Dataset/case-01/non-plagiarized/05/T01.java,datasets/IR-Plag-Dataset/case-01/plagiarized/L5/05/PrintJava.java,0.8785096729852685
datasets/IR-Plag-Dataset/case-01/non-plagiarized/06/T01.java,datasets/IR-Plag-Dataset/case-01/plagiarized/L5/05/PrintJava.java,0.8785096729852685
datasets/IR-Plag-Dataset/case-01/plagiarized/L4/04/HelloWorld.java,datasets/IR-Plag-Dataset/case-01/plagiarized/L2/01/L2.java,0.8772118762752125
datasets/IR-Plag-Dataset/case-01/plagiarized/L4/04/HelloWorld.java,datasets/IR-Plag-Dataset/case-01/plagiarized/L1/04/T1.java,0.8772118762752125
datasets/IR-Plag-Dataset/case-01/plagiarized/L3/02/Main.java,datasets/IR-Plag-Dataset/case-01/plagiarized/L4/04/HelloWorld.java,0.8772118762752125
datasets/IR-Plag-Dataset/case-01/plagiarized/L4/04/HelloWorld.java,datasets/IR-Plag-Dataset/case-01/plagiarized/L1/07/Main.java,0.8772118762752125
datasets/IR-Plag-Dataset/case-01/plagiarized/L4/04/HelloWorld.java,datasets/IR-Plag-Dataset/case-01/plagiarized/L1/02/Main.java,0.8772118762752125
datasets/IR-Plag-Dataset/case-01/non-plagiarized/13/No1.java,datasets/IR-Plag-Dataset/case-01/plagiarized/L4/04/HelloWorld.java,0.8772118762752125
datasets/IR-Plag-Dataset/case-01/plagiarized/L4/04/HelloWorld.java,datasets/IR-Plag-Dataset/case-01/plagiarized/L1/09/Level1.java,0.8772118762752125
datasets/IR-Plag-Dataset/case-01/plagiarized/L4/04/HelloWorld.java,datasets/IR-Plag-Dataset/case-01/plagiarized/L1/08/Kasus1L1.java,0.8772118762752125
datasets/IR-Plag-Dataset/case-01/plagiarized/L4/04/HelloWorld.java,datasets/IR-Plag-Dataset/case-01/plagiarized/L1/03/Main.java,0.8772118762752125
datasets/IR-Plag-Dataset/case-01/plagiarized/L3/06/Level3.java,datasets/IR-Plag-Dataset/case-01/plagiarized/L4/04/HelloWorld.java,0.8772118762752125
datasets/IR-Plag-Dataset/case-01/original/T1.java,datasets/IR-Plag-Dataset/case-01/plagiarized/L4/04/HelloWorld.java,0.8772118762752125
datasets/IR-Plag-Dataset/case-01/plagiarized/L4/04/HelloWorld.java,datasets/IR-Plag-Dataset/case-01/plagiarized/L2/02/Main.java,0.8772118762752125
datasets/IR-Plag-Dataset/case-01/plagiarized/L4/04/HelloWorld.java,datasets/IR-Plag-Dataset/case-01/plagiarized/L2/05/PrintJava.java,0.8772118762752125
datasets/IR-Plag-Dataset/case-01/plagiarized/L3/01/L3.java,datasets/IR-Plag-Dataset/case-01/plagiarized/L4/04/HelloWorld.java,0.8772118762752125
datasets/IR-Plag-Dataset/case-01/plagiarized/L3/04/hellow.java,datasets/IR-Plag-Dataset/case-01/plagiarized/L4/04/HelloWorld.java,0.8772118762752125
datasets/IR-Plag-Dataset/case-01/plagiarized/L4/04/HelloWorld.java,datasets/IR-Plag-Dataset/case-01/plagiarized/L1/01/L1.java,0.8772118762752125
datasets/IR-Plag-Dataset/case-01/plagiarized/L4/04/HelloWorld.java,datasets/IR-Plag-Dataset/case-01/plagiarized/L1/06/HelloWorld.java,0.8772118762752125
datasets/IR-Plag-Dataset/case-01/plagiarized/L4/04/HelloWorld.java,datasets/IR-Plag-Dataset/case-01/plagiarized/L2/04/hellow.java,0.8772118762752125
datasets/IR-Plag-Dataset/case-01/plagiarized/L4/04/HelloWorld.java,datasets/IR-Plag-Dataset/case-01/plagiarized/L4/06/Level4.java,0.872267319075054
datasets/IR-Plag-Dataset/case-01/plagiarized/L6/03/Main.java,datasets/IR-Plag-Dataset/case-01/plagiarized/L6/01/L6.java,0.8713973225833176
datasets/IR-Plag-Dataset/case-01/plagiarized/L3/05/Kasus1L3.java,datasets/IR-Plag-Dataset/case-01/plagiarized/L4/04/HelloWorld.java,0.8637743214084372
datasets/IR-Plag-Dataset/case-01/non-plagiarized/04/T01.java,datasets/IR-Plag-Dataset/case-01/plagiarized/L5/01/L5.java,0.8613498746328747
datasets/IR-Plag-Dataset/case-01/non-plagiarized/06/T01.java,datasets/IR-Plag-Dataset/case-01/plagiarized/L5/01/L5.java,0.8613498746328747
datasets/IR-Plag-Dataset/case-01/non-plagiarized/05/T01.java,datasets/IR-Plag-Dataset/case-01/plagiarized/L5/01/L5.java,0.8613498746328747
datasets/IR-Plag-Dataset/case-01/non-plagiarized/03/Nomor1_2451041557A22145B3701B0184109CAB013.java,datasets/IR-Plag-Dataset/case-01/plagiarized/L5/01/L5.java,0.8613498746328747
datasets/IR-Plag-Dataset/case-01/non-plagiarized/08/T01.java,datasets/IR-Plag-Dataset/case-01/plagiarized/L5/01/L5.java,0.8613498746328747
datasets/IR-Plag-Dataset/case-01/non-plagiarized/02/T01.java,datasets/IR-Plag-Dataset/case-01/plagiarized/L5/01/L5.java,0.8613498746328747
datasets/IR-Plag-Dataset/case-01/non-plagiarized/10/Main.java,datasets/IR-Plag-Dataset/case-01/plagiarized/L5/01/L5.java,0.8613498746328747
datasets/IR-Plag-Dataset/case-01/non-plagiarized/09/t01.java,datasets/IR-Plag-Dataset/case-01/plagiarized/L5/01/L5.java,0.8613498746328747
datasets/IR-Plag-Dataset/case-01/non-plagiarized/11/T01.java,datasets/IR-Plag-Dataset/case-01/plagiarized/L5/01/L5.java,0.8613498746328747
datasets/IR-Plag-Dataset/case-01/non-plagiarized/01/T01.java,datasets/IR-Plag-Dataset/case-01/plagiarized/L5/01/L5.java,0.8613498746328747
datasets/IR-Plag-Dataset/case-01/non-plagiarized/12/T01.java,datasets/IR-Plag-Dataset/case-01/plagiarized/L5/01/L5.java,0.8613498746328747
datasets/IR-Plag-Dataset/case-01/plagiarized/L5/05/PrintJava.java,datasets/IR-Plag-Dataset/case-01/plagiarized/L6/07/PrintJava.java,0.8525625295694736
datasets/IR-Plag-Dataset/case-01/plagiarized/L4/04/HelloWorld.java,datasets/IR-Plag-Dataset/case-01/plagiarized/L2/03/WelcomeToJava.java,0.8491583176357063
datasets/IR-Plag-Dataset/case-01/non-plagiarized/15/T01.java,datasets/IR-Plag-Dataset/case-01/plagiarized/L5/02/Main.java,0.8322909528002193
datasets/IR-Plag-Dataset/case-01/plagiarized/L5/01/L5.java,datasets/IR-Plag-Dataset/case-01/plagiarized/L6/01/L6.java,0.8280144198746158
datasets/IR-Plag-Dataset/case-01/plagiarized/L6/05/HelloWorld.java,datasets/IR-Plag-Dataset/case-01/plagiarized/L6/07/PrintJava.java,0.8233984243042685
datasets/IR-Plag-Dataset/case-01/non-plagiarized/07/Main.java,datasets/IR-Plag-Dataset/case-01/non-plagiarized/15/T01.java,0.8164816379650851
datasets/IR-Plag-Dataset/case-01/plagiarized/L6/05/HelloWorld.java,datasets/IR-Plag-Dataset/case-01/plagiarized/L6/01/L6.java,0.816047143363699
datasets/IR-Plag-Dataset/case-01/non-plagiarized/15/T01.java,datasets/IR-Plag-Dataset/case-01/plagiarized/L5/05/PrintJava.java,0.8150246350502736
datasets/IR-Plag-Dataset/case-01/plagiarized/L5/03/WelcomeToJava.java,datasets/IR-Plag-Dataset/case-01/plagiarized/L6/08/Kasus1L6.java,0.8146053224619018
datasets/IR-Plag-Dataset/case-01/plagiarized/L5/01/L5.java,datasets/IR-Plag-Dataset/case-01/plagiarized/L6/07/PrintJava.java,0.8077129761927018
datasets/IR-Plag-Dataset/case-01/plagiarized/L5/02/Main.java,datasets/IR-Plag-Dataset/case-01/plagiarized/L6/07/PrintJava.java,0.8046500229379516
datasets/IR-Plag-Dataset/case-01/non-plagiarized/15/T01.java,datasets/IR-Plag-Dataset/case-01/plagiarized/L5/01/L5.java,0.8021335098060655
datasets/IR-Plag-Dataset/case-01/plagiarized/L5/05/PrintJava.java,datasets/IR-Plag-Dataset/case-01/plagiarized/L6/01/L6.java,0.8004672448193267
datasets/IR-Plag-Dataset/case-01/non-plagiarized/07/Main.java,datasets/IR-Plag-Dataset/case-01/plagiarized/L5/02/Main.java,0.7968540039467952
datasets/IR-Plag-Dataset/case-01/non-plagiarized/07/Main.java,datasets/IR-Plag-Dataset/case-01/plagiarized/L5/05/PrintJava.java,0.7772791302797925
datasets/IR-Plag-Dataset/case-01/plagiarized/L5/02/Main.java,datasets/IR-Plag-Dataset/case-01/plagiarized/L6/01/L6.java,0.7752496976038629
datasets/IR-Plag-Dataset/case-01/plagiarized/L6/03/Main.java,datasets/IR-Plag-Dataset/case-01/plagiarized/L6/05/HelloWorld.java,0.7718340553115592
datasets/IR-Plag-Dataset/case-01/non-plagiarized/07/Main.java,datasets/IR-Plag-Dataset/case-01/plagiarized/L6/02/Main.java,0.7704010472391165
datasets/IR-Plag-Dataset/case-01/non-plagiarized/07/Main.java,datasets/IR-Plag-Dataset/case-01/plagiarized/L5/01/L5.java,0.7636735007194073
datasets/IR-Plag-Dataset/case-01/plagiarized/L5/02/Main.java,datasets/IR-Plag-Dataset/case-01/plagiarized/L6/03/Main.java,0.759244218546527
datasets/IR-Plag-Dataset/case-01/non-plagiarized/15/T01.java,datasets/IR-Plag-Dataset/case-01/non-plagiarized/14/Soal1.java,0.7563564063926219
