file_i,file_j,seq_sim
datasets/IR-Plag-Dataset/case-01/non-plagiarized/02/T01.java,datasets/IR-Plag-Dataset/case-01/non-plagiarized/06/T01.java,1.0
datasets/IR-Plag-Dataset/case-01/plagiarized/L3/04/hellow.java,datasets/IR-Plag-Dataset/case-01/plagiarized/L1/02/Main.java,1.0
datasets/IR-Plag-Dataset/case-01/plagiarized/L3/04/hellow.java,datasets/IR-Plag-Dataset/case-01/plagiarized/L2/04/hellow.java,1.0
datasets/IR-Plag-Dataset/case-01/plagiarized/L3/04/hellow.java,datasets/IR-Plag-Dataset/case-01/plagiarized/L2/05/PrintJava.java,1.0
datasets/IR-Plag-Dataset/case-01/plagiarized/L3/04/hellow.java,datasets/IR-Plag-Dataset/case-01/plagiarized/L2/02/Main.java,1.0
datasets/IR-Plag-Dataset/case-01/plagiarized/L1/07/Main.java,datasets/IR-Plag-Dataset/case-01/plagiarized/L1/08/Kasus1L1.java,1.0
datasets/IR-Plag-Dataset/case-01/plagiarized/L3/04/hellow.java,datasets/IR-Plag-Dataset/case-01/plagiarized/L2/01/L2.java,1.0
datasets/IR-Plag-Dataset/case-01/plagiarized/L3/04/hellow.java,datasets/IR-Plag-Dataset/case-01/plagiarized/L1/03/Main.java,1.0
datasets/IR-Plag-Dataset/case-01/plagiarized/L3/04/hellow.java,datasets/IR-Plag-Dataset/case-01/plagiarized/L1/04/T1.java,1.0
datasets/IR-Plag-Dataset/case-01/plagiarized/L3/04/hellow.java,datasets/IR-Plag-Dataset/case-01/plagiarized/L1/07/Main.java,1.0
datasets/IR-Plag-Dataset/case-01/non-plagiarized/10/Main.java,datasets/IR-Plag-Dataset/case-01/non-plagiarized/09/t01.java,1.0
datasets/IR-Plag-Dataset/case-01/plagiarized/L3/04/hellow.java,datasets/IR-Plag-Dataset/case-01/plagiarized/L1/09/Level1.java,1.0
datasets/IR-Plag-Dataset/case-01/plagiarized/L3/04/hellow.java,datasets/IR-Plag-Dataset/case-01/plagiarized/L1/08/Kasus1L1.java,1.0
datasets/IR-Plag-Dataset/case-01/plagiarized/L3/04/hellow.java,datasets/IR-Plag-Dataset/case-01/plagiarized/L1/01/L1.java,1.0
datasets/IR-Plag-Dataset/case-01/plagiarized/L3/04/hellow.java,datasets/IR-Plag-Dataset/case-01/plagiarized/L1/06/HelloWorld.java,1.0
datasets/IR-Plag-Dataset/case-01/plagiarized/L1/07/Main.java,datasets/IR-Plag-Dataset/case-01/plagiarized/L1/01/L1.java,1.0
datasets/IR-Plag-Dataset/case-01/plagiarized/L1/07/Main.java,datasets/IR-Plag-Dataset/case-01/plagiarized/L1/06/HelloWorld.java,1.0
datasets/IR-Plag-Dataset/case-01/plagiarized/L1/09/Level1.java,datasets/IR-Plag-Dataset/case-01/plagiarized/L1/08/Kasus1L1.java,1.0
datasets/IR-Plag-Dataset/case-01/plagiarized/L1/07/Main.java,datasets/IR-Plag-Dataset/case-01/plagiarized/L1/09/Level1.java,1.0
datasets/IR-Plag-Dataset/case-01/non-plagiarized/11/T01.java,datasets/IR-Plag-Dataset/case-01/non-plagiarized/10/Main.java,1.0
datasets/IR-Plag-Dataset/case-01/non-plagiarized/11/T01.java,datasets/IR-Plag-Dataset/case-01/non-plagiarized/09/t01.java,1.0
datasets/IR-Plag-Dataset/case-01/non-plagiarized/11/T01.java,datasets/IR-Plag-Dataset/case-01/non-plagiarized/08/T01.java,1.0
datasets/IR-Plag-Dataset/case-01/plagiarized/L1/02/Main.java,datasets/IR-Plag-Dataset/case-01/plagiarized/L1/09/Level1.java,1.0
datasets/IR-Plag-Dataset/case-01/plagiarized/L2/04/hellow.java,datasets/IR-Plag-Dataset/case-01/plagiarized/L1/03/Main.java,1.0
datasets/IR-Plag-Dataset/case-01/plagiarized/L2/04/hellow.java,datasets/IR-Plag-Dataset/case-01/plagiarized/L2/01/L2.java,1.0
datasets/IR-Plag-Dataset/case-01/plagiarized/L2/04/hellow.java,datasets/IR-Plag-Dataset/case-01/plagiarized/L2/02/Main.java,1.0
datasets/IR-Plag-Dataset/case-01/plagiarized/L2/04/hellow.java,datasets/IR-Plag-Dataset/case-01/plagiarized/L2/05/PrintJava.java,1.0
datasets/IR-Plag-Dataset/case-01/plagiarized/L3/03/HelloWorld.java,datasets/IR-Plag-Dataset/case-01/plagiarized/L1/05/HelloWorld.java,1.0
datasets/IR-Plag-Dataset/case-01/plagiarized/L1/02/Main.java,datasets/IR-Plag-Dataset/case-01/plagiarized/L1/08/Kasus1L1.java,1.0
datasets/IR-Plag-Dataset/case-01/plagiarized/L1/02/Main.java,datasets/IR-Plag-Dataset/case-01/plagiarized/L1/01/L1.java,1.0
datasets/IR-Plag-Dataset/case-01/plagiarized/L1/02/Main.java,datasets/IR-Plag-Dataset/case-01/plagiarized/L1/06/HelloWorld.java,1.0
datasets/IR-Plag-Dataset/case-01/plagiarized/L3/04/hellow.java,datasets/IR-Plag-Dataset/case-01/plagiarized/L3/02/Main.java,1.0
datasets/IR-Plag-Dataset/case-01/plagiarized/L3/04/hellow.java,datasets/IR-Plag-Dataset/case-01/plagiarized/L3/01/L3.java,1.0
datasets/IR-Plag-Dataset/case-01/plagiarized/L3/04/hellow.java,datasets/IR-Plag-Dataset/case-01/plagiarized/L3/06/Level3.java,1.0
datasets/IR-Plag-Dataset/case-01/non-plagiarized/11/T01.java,datasets/IR-Plag-Dataset/case-01/non-plagiarized/12/T01.java,1.0
datasets/IR-Plag-Dataset/case-01/non-plagiarized/11/T01.java,datasets/IR-Plag-Dataset/case-01/non-plagiarized/06/T01.java,1.0
datasets/IR-Plag-Dataset/case-01/non-plagiarized/11/T01.java,datasets/IR-Plag-Dataset/case-01/non-plagiarized/01/T01.java,1.0
datasets/IR-Plag-Dataset/case-01/non-plagiarized/02/T01.java,datasets/IR-Plag-Dataset/case-01/non-plagiarized/12/T01.java,1.0
datasets/IR-Plag-Dataset/case-01/plagiarized/L1/03/Main.java,datasets/IR-Plag-Dataset/case-01/plagiarized/L1/01/L1.java,1.0
datasets/IR-Plag-Dataset/case-01/non-plagiarized/02/T01.java,datasets/IR-Plag-Dataset/case-01/non-plagiarized/01/T01.java,1.0
datasets/IR-Plag-Dataset/case-01/plagiarized/L1/08/Kasus1L1.java,datasets/IR-Plag-Dataset/case-01/plagiarized/L1/01/L1.java,1.0
datasets/IR-Plag-Dataset/case-01/plagiarized/L3/02/Main.java,datasets/IR-Plag-Dataset/case-01/plagiarized/L1/01/L1.java,1.0
datasets/IR-Plag-Dataset/case-01/plagiarized/L3/02/Main.java,datasets/IR-Plag-Dataset/case-01/plagiarized/L1/06/HelloWorld.java,1.0
datasets/IR-Plag-Dataset/case-01/plagiarized/L3/01/L3.java,datasets/IR-Plag-Dataset/case-01/plagiarized/L3/06/Level3.java,1.0
datasets/IR-Plag-Dataset/case-01/non-plagiarized/05/T01.java,datasets/IR-Plag-Dataset/case-01/non-plagiarized/12/T01.java,1.0
datasets/IR-Plag-Dataset/case-01/non-plagiarized/05/T01.java,datasets/IR-Plag-Dataset/case-01/non-plagiarized/06/T01.java,1.0
datasets/IR-Plag-Dataset/case-01/non-plagiarized/05/T01.java,datasets/IR-Plag-Dataset/case-01/non-plagiarized/01/T01.java,1.0
datasets/IR-Plag-Dataset/case-01/non-plagiarized/05/T01.java,datasets/IR-Plag-Dataset/case-01/non-plagiarized/08/T01.java,1.0
datasets/IR-Plag-Dataset/case-01/non-plagiarized/05/T01.java,datasets/IR-Plag-Dataset/case-01/non-plagiarized/09/t01.java,1.0
datasets/IR-Plag-Dataset/case-01/non-plagiarized/05/T01.java,datasets/IR-Plag-Dataset/case-01/non-plagiarized/10/Main.java,1.0
datasets/IR-Plag-Dataset/case-01/non-plagiarized/05/T01.java,datasets/IR-Plag-Dataset/case-01/non-plagiarized/11/T01.java,1.0
datasets/IR-Plag-Dataset/case-01/non-plagiarized/05/T01.java,datasets/IR-Plag-Dataset/case-01/non-plagiarized/02/T01.java,1.0
datasets/IR-Plag-Dataset/case-01/plagiarized/L3/01/L3.java,datasets/IR-Plag-Dataset/case-01/plagiarized/L2/04/hellow.java,1.0
datasets/IR-Plag-Dataset/case-01/plagiarized/L3/01/L3.java,datasets/IR-Plag-Dataset/case-01/plagiarized/L2/05/PrintJava.java,1.0
datasets/IR-Plag-Dataset/case-01/plagiarized/L3/01/L3.java,datasets/IR-Plag-Dataset/case-01/plagiarized/L2/02/Main.java,1.0
datasets/IR-Plag-Dataset/case-01/plagiarized/L3/01/L3.java,datasets/IR-Plag-Dataset/case-01/plagiarized/L2/01/L2.java,1.0
datasets/IR-Plag-Dataset/case-01/plagiarized/L1/08/Kasus1L1.java,datasets/IR-Plag-Dataset/case-01/plagiarized/L1/06/HelloWorld.java,1.0
datasets/IR-Plag-Dataset/case-01/plagiarized/L3/02/Main.java,datasets/IR-Plag-Dataset/case-01/plagiarized/L1/08/Kasus1L1.java,1.0
datasets/IR-Plag-Dataset/case-01/non-plagiarized/02/T01.java,datasets/IR-Plag-Dataset/case-01/non-plagiarized/08/T01.java,1.0
datasets/IR-Plag-Dataset/case-01/plagiarized/L3/02/Main.java,datasets/IR-Plag-Dataset/case-01/plagiarized/L1/09/Level1.java,1.0
datasets/IR-Plag-Dataset/case-01/non-plagiarized/02/T01.java,datasets/IR-Plag-Dataset/case-01/non-plagiarized/09/t01.java,1.0
datasets/IR-Plag-Dataset/case-01/non-plagiarized/02/T01.java,datasets/IR-Plag-Dataset/case-01/non-plagiarized/10/Main.java,1.0
datasets/IR-Plag-Dataset/case-01/non-plagiarized/02/T01.java,datasets/IR-Plag-Dataset/case-01/non-plagiarized/11/T01.java,1.0
datasets/IR-Plag-Dataset/case-01/plagiarized/L1/09/Level1.java,datasets/IR-Plag-Dataset/case-01/plagiarized/L1/01/L1.java,1.0
datasets/IR-Plag-Dataset/case-01/plagiarized/L1/09/Level1.java,datasets/IR-Plag-Dataset/case-01/plagiarized/L1/06/HelloWorld.java,1.0
datasets/IR-Plag-Dataset/case-01/plagiarized/L3/02/Main.java,datasets/IR-Plag-Dataset/case-01/plagiarized/L3/01/L3.java,1.0
datasets/IR-Plag-Dataset/case-01/plagiarized/L3/02/Main.java,datasets/IR-Plag-Dataset/case-01/plagiarized/L3/06/Level3.java,1.0
datasets/IR-Plag-Dataset/case-01/plagiarized/L3/02/Main.java,datasets/IR-Plag-Dataset/case-01/plagiarized/L2/04/hellow.java,1.0
datasets/IR-Plag-Dataset/case-01/plagiarized/L3/02/Main.java,datasets/IR-Plag-Dataset/case-01/plagiarized/L2/05/PrintJava.java,1.0
datasets/IR-Plag-Dataset/case-01/plagiarized/L3/02/Main.java,datasets/IR-Plag-Dataset/case-01/plagiarized/L2/02/Main.java,1.0
datasets/IR-Plag-Dataset/case-01/plagiarized/L3/02/Main.java,datasets/IR-Plag-Dataset/case-01/plagiarized/L2/01/L2.java,1.0
datasets/IR-Plag-Dataset/case-01/plagiarized/L3/02/Main.java,datasets/IR-Plag-Dataset/case-01/plagiarized/L1/03/Main.java,1.0
datasets/IR-Plag-Dataset/case-01/plagiarized/L3/02/Main.java,datasets/IR-Plag-Dataset/case-01/plagiarized/L1/04/T1.java,1.0
datasets/IR-Plag-Dataset/case-01/plagiarized/L3/02/Main.java,datasets/IR-Plag-Dataset/case-01/plagiarized/L1/02/Main.java,1.0
datasets/IR-Plag-Dataset/case-01/plagiarized/L3/02/Main.java,datasets/IR-Plag-Dataset/case-01/plagiarized/L1/07/Main.java,1.0
datasets/IR-Plag-Dataset/case-01/plagiarized/L1/02/Main.java,datasets/IR-Plag-Dataset/case-01/plagiarized/L1/07/Main.java,1.0
datasets/IR-Plag-Dataset/case-01/non-plagiarized/10/Main.java,datasets/IR-Plag-Dataset/case-01/non-plagiarized/08/T01.java,1.0
datasets/IR-Plag-Dataset/case-01/plagiarized/L3/01/L3.java,datasets/IR-Plag-Dataset/case-01/plagiarized/L1/04/T1.java,1.0
datasets/IR-Plag-Dataset/case-01/plagiarized/L2/02/Main.java,datasets/IR-Plag-Dataset/case-01/plagiarized/L1/06/HelloWorld.java,1.0
datasets/IR-Plag-Dataset/case-01/plagiarized/L2/01/L2.java,datasets/IR-Plag-Dataset/case-01/plagiarized/L1/09/Level1.java,1.0
datasets/IR-Plag-Dataset/case-01/plagiarized/L2/01/L2.java,datasets/IR-Plag-Dataset/case-01/plagiarized/L1/07/Main.java,1.0
datasets/IR-Plag-Dataset/case-01/plagiarized/L2/01/L2.java,datasets/IR-Plag-Dataset/case-01/plagiarized/L1/02/Main.java,1.0
datasets/IR-Plag-Dataset/case-01/plagiarized/L1/04/T1.java,datasets/IR-Plag-Dataset/case-01/plagiarized/L1/09/Level1.java,1.0
datasets/IR-Plag-Dataset/case-01/plagiarized/L2/01/L2.java,datasets/IR-Plag-Dataset/case-01/plagiarized/L1/04/T1.java,1.0
datasets/IR-Plag-Dataset/case-01/non-plagiarized/06/T01.java,datasets/IR-Plag-Dataset/case-01/non-plagiarized/12/T01.java,1.0
datasets/IR-Plag-Dataset/case-01/plagiarized/L2/01/L2.java,datasets/IR-Plag-Dataset/case-01/plagiarized/L1/03/Main.java,1.0
datasets/IR-Plag-Dataset/case-01/plagiarized/L2/02/Main.java,datasets/IR-Plag-Dataset/case-01/plagiarized/L1/01/L1.java,1.0
datasets/IR-Plag-Dataset/case-01/non-plagiarized/10/Main.java,datasets/IR-Plag-Dataset/case-01/non-plagiarized/01/T01.java,1.0
datasets/IR-Plag-Dataset/case-01/plagiarized/L2/02/Main.java,datasets/IR-Plag-Dataset/case-01/plagiarized/L1/08/Kasus1L1.java,1.0
datasets/IR-Plag-Dataset/case-01/plagiarized/L2/02/Main.java,datasets/IR-Plag-Dataset/case-01/plagiarized/L1/09/Level1.java,1.0
datasets/IR-Plag-Dataset/case-01/plagiarized/L2/02/Main.java,datasets/IR-Plag-Dataset/case-01/plagiarized/L1/07/Main.java,1.0
datasets/IR-Plag-Dataset/case-01/plagiarized/L2/02/Main.java,datasets/IR-Plag-Dataset/case-01/plagiarized/L1/02/Main.java,1.0
datasets/IR-Plag-Dataset/case-01/plagiarized/L2/02/Main.java,datasets/IR-Plag-Dataset/case-01/plagiarized/L1/04/T1.java,1.0
datasets/IR-Plag-Dataset/case-01/plagiarized/L2/02/Main.java,datasets/IR-Plag-Dataset/case-01/plagiarized/L1/03/Main.java,1.0
datasets/IR-Plag-Dataset/case-01/plagiarized/L2/02/Main.java,datasets/IR-Plag-Dataset/case-01/plagiarized/L2/01/L2.java,1.0
datasets/IR-Plag-Dataset/case-01/plagiarized/L2/01/L2.java,datasets/IR-Plag-Dataset/case-01/plagiarized/L1/08/Kasus1L1.java,1.0
datasets/IR-Plag-Dataset/case-01/plagiarized/L1/04/T1.java,datasets/IR-Plag-Dataset/case-01/plagiarized/L1/07/Main.java,1.0
datasets/IR-Plag-Dataset/case-01/non-plagiarized/09/t01.java,datasets/IR-Plag-Dataset/case-01/non-plagiarized/08/T01.java,1.0
datasets/IR-Plag-Dataset/case-01/non-plagiarized/09/t01.java,datasets/IR-Plag-Dataset/case-01/non-plagiarized/01/T01.java,1.0
datasets/IR-Plag-Dataset/case-01/non-plagiarized/08/T01.java,datasets/IR-Plag-Dataset/case-01/non-plagiarized/01/T01.java,1.0
datasets/IR-Plag-Dataset/case-01/non-plagiarized/08/T01.java,datasets/IR-Plag-Dataset/case-01/non-plagiarized/06/T01.java,1.0
datasets/IR-Plag-Dataset/case-01/non-plagiarized/08/T01.java,datasets/IR-Plag-Dataset/case-01/non-plagiarized/12/T01.java,1.0
datasets/IR-Plag-Dataset/case-01/plagiarized/L1/03/Main.java,datasets/IR-Plag-Dataset/case-01/plagiarized/L1/06/HelloWorld.java,1.0
datasets/IR-Plag-Dataset/case-01/plagiarized/L1/03/Main.java,datasets/IR-Plag-Dataset/case-01/plagiarized/L1/09/Level1.java,1.0
datasets/IR-Plag-Dataset/case-01/plagiarized/L1/03/Main.java,datasets/IR-Plag-Dataset/case-01/plagiarized/L1/07/Main.java,1.0
datasets/IR-Plag-Dataset/case-01/plagiarized/L1/03/Main.java,datasets/IR-Plag-Dataset/case-01/plagiarized/L1/02/Main.java,1.0
datasets/IR-Plag-Dataset/case-01/plagiarized/L1/03/Main.java,datasets/IR-Plag-Dataset/case-01/plagiarized/L1/04/T1.java,1.0
datasets/IR-Plag-Dataset/case-01/plagiarized/L1/04/T1.java,datasets/IR-Plag-Dataset/case-01/plagiarized/L1/02/Main.java,1.0
datasets/IR-Plag-Dataset/case-01/non-plagiarized/01/T01.java,datasets/IR-Plag-Dataset/case-01/non-plagiarized/06/T01.java,1.0
datasets/IR-Plag-Dataset/case-01/non-plagiarized/01/T01.java,datasets/IR-Plag-Dataset/case-01/non-plagiarized/12/T01.java,1.0
datasets/IR-Plag-Dataset/case-01/plagiarized/L2/01/L2.java,datasets/IR-Plag-Dataset/case-01/plagiarized/L1/06/HelloWorld.java,1.0
datasets/IR-Plag-Dataset/case-01/plagiarized/L2/01/L2.java,datasets/IR-Plag-Dataset/case-01/plagiarized/L1/01/L1.java,1.0
datasets/IR-Plag-Dataset/case-01/non-plagiarized/09/t01.java,datasets/IR-Plag-Dataset/case-01/non-plagiarized/12/T01.java,1.0
datasets/IR-Plag-Dataset/case-01/non-plagiarized/09/t01.java,datasets/IR-Plag-Dataset/case-01/non-plagiarized/06/T01.java,1.0
datasets/IR-Plag-Dataset/case-01/plagiarized/L1/04/T1.java,datasets/IR-Plag-Dataset/case-01/plagiarized/L1/08/Kasus1L1.java,1.0
datasets/IR-Plag-Dataset/case-01/plagiarized/L2/05/PrintJava.java,datasets/IR-Plag-Dataset/case-01/plagiarized/L1/06/HelloWorld.java,1.0
datasets/IR-Plag-Dataset/case-01/plagiarized/L1/04/T1.java,datasets/IR-Plag-Dataset/case-01/plagiarized/L1/01/L1.java,1.0
datasets/IR-Plag-Dataset/case-01/non-plagiarized/13/No1.java,datasets/IR-Plag-Dataset/case-01/plagiarized/L1/07/Main.java,1.0
datasets/IR-Plag-Dataset/case-01/non-plagiarized/13/No1.java,datasets/IR-Plag-Dataset/case-01/plagiarized/L1/08/Kasus1L1.java,1.0
datasets/IR-Plag-Dataset/case-01/non-plagiarized/13/No1.java,datasets/IR-Plag-Dataset/case-01/plagiarized/L1/01/L1.java,1.0
datasets/IR-Plag-Dataset/case-01/non-plagiarized/13/No1.java,datasets/IR-Plag-Dataset/case-01/plagiarized/L1/06/HelloWorld.java,1.0
datasets/IR-Plag-Dataset/case-01/plagiarized/L2/05/PrintJava.java,datasets/IR-Plag-Dataset/case-01/plagiarized/L1/03/Main.java,1.0
datasets/IR-Plag-Dataset/case-01/plagiarized/L2/05/PrintJava.java,datasets/IR-Plag-Dataset/case-01/plagiarized/L2/01/L2.java,1.0
datasets/IR-Plag-Dataset/case-01/plagiarized/L2/05/PrintJava.java,datasets/IR-Plag-Dataset/case-01/plagiarized/L2/02/Main.java,1.0
datasets/IR-Plag-Dataset/case-01/plagiarized/L2/04/hellow.java,datasets/IR-Plag-Dataset/case-01/plagiarized/L1/06/HelloWorld.java,1.0
datasets/IR-Plag-Dataset/case-01/plagiarized/L2/04/hellow.java,datasets/IR-Plag-Dataset/case-01/plagiarized/L1/01/L1.java,1.0
datasets/IR-Plag-Dataset/case-01/plagiarized/L2/04/hellow.java,datasets/IR-Plag-Dataset/case-01/plagiarized/L1/08/Kasus1L1.java,1.0
datasets/IR-Plag-Dataset/case-01/plagiarized/L2/04/hellow.java,datasets/IR-Plag-Dataset/case-01/plagiarized/L1/09/Level1.java,1.0
datasets/IR-Plag-Dataset/case-01/plagiarized/L2/04/hellow.java,datasets/IR-Plag-Dataset/case-01/plagiarized/L1/07/Main.java,1.0
datasets/IR-Plag-Dataset/case-01/plagiarized/L2/04/hellow.java,datasets/IR-Plag-Dataset/case-01/plagiarized/L1/02/Main.java,1.0
datasets/IR-Plag-Dataset/case-01/plagiarized/L2/04/hellow.java,datasets/IR-Plag-Dataset/case-01/plagiarized/L1/04/T1.java,1.0
datasets/IR-Plag-Dataset/case-01/non-plagiarized/10/Main.java,datasets/IR-Plag-Dataset/case-01/non-plagiarized/12/T01.java,1.0
datasets/IR-Plag-Dataset/case-01/non-plagiarized/10/Main.java,datasets/IR-Plag-Dataset/case-01/non-plagiarized/06/T01.java,1.0
datasets/IR-Plag-Dataset/case-01/non-plagiarized/13/No1.java,datasets/IR-Plag-Dataset/case-01/plagiarized/L1/09/Level1.java,1.0
datasets/IR-Plag-Dataset/case-01/non-plagiarized/13/No1.java,datasets/IR-Plag-Dataset/case-01/plagiarized/L1/02/Main.java,1.0
datasets/IR-Plag-Dataset/case-01/plagiarized/L1/04/T1.java,datasets/IR-Plag-Dataset/case-01/plagiarized/L1/06/HelloWorld.java,1.0
datasets/IR-Plag-Dataset/case-01/non-plagiarized/13/No1.java,datasets/IR-Plag-Dataset/case-01/plagiarized/L1/04/T1.java,1.0
datasets/IR-Plag-Dataset/case-01/plagiarized/L2/05/PrintJava.java,datasets/IR-Plag-Dataset/case-01/plagiarized/L1/01/L1.java,1.0
datasets/IR-Plag-Dataset/case-01/plagiarized/L2/05/PrintJava.java,datasets/IR-Plag-Dataset/case-01/plagiarized/L1/08/Kasus1L1.java,1.0
datasets/IR-Plag-Dataset/case-01/plagiarized/L2/05/PrintJava.java,datasets/IR-Plag-Dataset/case-01/plagiarized/L1/09/Level1.java,1.0
datasets/IR-Plag-Dataset/case-01/plagiarized/L2/05/PrintJava.java,datasets/IR-Plag-Dataset/case-01/plagiarized/L1/07/Main.java,1.0
datasets/IR-Plag-Dataset/case-01/plagiarized/L2/05/PrintJava.java,datasets/IR-Plag-Dataset/case-01/plagiarized/L1/02/Main.java,1.0
datasets/IR-Plag-Dataset/case-01/non-plagiarized/13/No1.java,datasets/IR-Plag-Dataset/case-01/plagiarized/L3/04/hellow.java,1.0
datasets/IR-Plag-Dataset/case-01/non-plagiarized/13/No1.java,datasets/IR-Plag-Dataset/case-01/plagiarized/L3/02/Main.java,1.0
datasets/IR-Plag-Dataset/case-01/non-plagiarized/13/No1.java,datasets/IR-Plag-Dataset/case-01/plagiarized/L3/01/L3.java,1.0
datasets/IR-Plag-Dataset/case-01/non-plagiarized/13/No1.java,datasets/IR-Plag-Dataset/case-01/plagiarized/L3/06/Level3.java,1.0
datasets/IR-Plag-Dataset/case-01/plagiarized/L2/05/PrintJava.java,datasets/IR-Plag-Dataset/case-01/plagiarized/L1/04/T1.java,1.0
datasets/IR-Plag-Dataset/case-01/non-plagiarized/13/No1.java,datasets/IR-Plag-Dataset/case-01/plagiarized/L2/04/hellow.java,1.0
datasets/IR-Plag-Dataset/case-01/non-plagiarized/13/No1.java,datasets/IR-Plag-Dataset/case-01/plagiarized/L2/05/PrintJava.java,1.0
datasets/IR-Plag-Dataset/case-01/non-plagiarized/13/No1.java,datasets/IR-Plag-Dataset/case-01/plagiarized/L2/02/Main.java,1.0
datasets/IR-Plag-Dataset/case-01/non-plagiarized/13/No1.java,datasets/IR-Plag-Dataset/case-01/plagiarized/L2/01/L2.java,1.0
datasets/IR-Plag-Dataset/case-01/non-plagiarized/13/No1.java,datasets/IR-Plag-Dataset/case-01/plagiarized/L1/03/Main.java,1.0
datasets/IR-Plag-Dataset/case-01/plagiarized/L3/01/L3.java,datasets/IR-Plag-Dataset/case-01/plagiarized/L1/03/Main.java,1.0
datasets/IR-Plag-Dataset/case-01/plagiarized/L1/03/Main.java,datasets/IR-Plag-Dataset/case-01/plagiarized/L1/08/Kasus1L1.java,1.0
datasets/IR-Plag-Dataset/case-01/non-plagiarized/04/T01.java,datasets/IR-Plag-Dataset/case-01/non-plagiarized/05/T01.java,1.0
datasets/IR-Plag-Dataset/case-01/plagiarized/L3/06/Level3.java,datasets/IR-Plag-Dataset/case-01/plagiarized/L1/02/Main.java,1.0
datasets/IR-Plag-Dataset/case-01/original/T1.java,datasets/IR-Plag-Dataset/case-01/plagiarized/L1/02/Main.java,1.0
datasets/IR-Plag-Dataset/case-01/plagiarized/L3/06/Level3.java,datasets/IR-Plag-Dataset/case-01/plagiarized/L1/09/Level1.java,1.0
datasets/IR-Plag-Dataset/case-01/plagiarized/L3/06/Level3.java,datasets/IR-Plag-Dataset/case-01/plagiarized/L1/08/Kasus1L1.java,1.0
datasets/IR-Plag-Dataset/case-01/plagiarized/L3/06/Level3.java,datasets/IR-Plag-Dataset/case-01/plagiarized/L1/01/L1.java,1.0
datasets/IR-Plag-Dataset/case-01/plagiarized/L3/06/Level3.java,datasets/IR-Plag-Dataset/case-01/plagiarized/L1/06/HelloWorld.java,1.0
datasets/IR-Plag-Dataset/case-01/original/T1.java,datasets/IR-Plag-Dataset/case-01/plagiarized/L1/09/Level1.java,1.0
datasets/IR-Plag-Dataset/case-01/original/T1.java,datasets/IR-Plag-Dataset/case-01/plagiarized/L1/08/Kasus1L1.java,1.0
datasets/IR-Plag-Dataset/case-01/original/T1.java,datasets/IR-Plag-Dataset/case-01/plagiarized/L1/01/L1.java,1.0
datasets/IR-Plag-Dataset/case-01/original/T1.java,datasets/IR-Plag-Dataset/case-01/plagiarized/L1/06/HelloWorld.java,1.0
datasets/IR-Plag-Dataset/case-01/non-plagiarized/04/T01.java,datasets/IR-Plag-Dataset/case-01/non-plagiarized/10/Main.java,1.0
datasets/IR-Plag-Dataset/case-01/non-plagiarized/04/T01.java,datasets/IR-Plag-Dataset/case-01/non-plagiarized/02/T01.java,1.0
datasets/IR-Plag-Dataset/case-01/non-plagiarized/03/Nomor1_2451041557A22145B3701B0184109CAB013.java,datasets/IR-Plag-Dataset/case-01/non-plagiarized/04/T01.java,1.0
datasets/IR-Plag-Dataset/case-01/non-plagiarized/03/Nomor1_2451041557A22145B3701B0184109CAB013.java,datasets/IR-Plag-Dataset/case-01/non-plagiarized/05/T01.java,1.0
datasets/IR-Plag-Dataset/case-01/non-plagiarized/03/Nomor1_2451041557A22145B3701B0184109CAB013.java,datasets/IR-Plag-Dataset/case-01/non-plagiarized/02/T01.java,1.0
datasets/IR-Plag-Dataset/case-01/non-plagiarized/03/Nomor1_2451041557A22145B3701B0184109CAB013.java,datasets/IR-Plag-Dataset/case-01/non-plagiarized/11/T01.java,1.0
datasets/IR-Plag-Dataset/case-01/non-plagiarized/03/Nomor1_2451041557A22145B3701B0184109CAB013.java,datasets/IR-Plag-Dataset/case-01/non-plagiarized/10/Main.java,1.0
datasets/IR-Plag-Dataset/case-01/non-plagiarized/03/Nomor1_2451041557A22145B3701B0184109CAB013.java,datasets/IR-Plag-Dataset/case-01/non-plagiarized/09/t01.java,1.0
datasets/IR-Plag-Dataset/case-01/non-plagiarized/03/Nomor1_2451041557A22145B3701B0184109CAB013.java,datasets/IR-Plag-Dataset/case-01/non-plagiarized/08/T01.java,1.0
datasets/IR-Plag-Dataset/case-01/non-plagiarized/03/Nomor1_2451041557A22145B3701B0184109CAB013.java,datasets/IR-Plag-Dataset/case-01/non-plagiarized/01/T01.java,1.0
datasets/IR-Plag-Dataset/case-01/non-plagiarized/03/Nomor1_2451041557A22145B3701B0184109CAB013.java,datasets/IR-Plag-Dataset/case-01/non-plagiarized/06/T01.java,1.0
datasets/IR-Plag-Dataset/case-01/plagiarized/L3/01/L3.java,datasets/IR-Plag-Dataset/case-01/plagiarized/L1/02/Main.java,1.0
datasets/IR-Plag-Dataset/case-01/non-plagiarized/03/Nomor1_2451041557A22145B3701B0184109CAB013.java,datasets/IR-Plag-Dataset/case-01/non-plagiarized/12/T01.java,1.0
datasets/IR-Plag-Dataset/case-01/non-plagiarized/04/T01.java,datasets/IR-Plag-Dataset/case-01/non-plagiarized/12/T01.java,1.0
datasets/IR-Plag-Dataset/case-01/non-plagiarized/04/T01.java,datasets/IR-Plag-Dataset/case-01/non-plagiarized/06/T01.java,1.0
datasets/IR-Plag-Dataset/case-01/non-plagiarized/04/T01.java,datasets/IR-Plag-Dataset/case-01/non-plagiarized/01/T01.java,1.0
datasets/IR-Plag-Dataset/case-01/non-plagiarized/04/T01.java,datasets/IR-Plag-Dataset/case-01/non-plagiarized/08/T01.java,1.0
datasets/IR-Plag-Dataset/case-01/non-plagiarized/04/T01.java,datasets/IR-Plag-Dataset/case-01/non-plagiarized/09/t01.java,1.0
datasets/IR-Plag-Dataset/case-01/plagiarized/L3/06/Level3.java,datasets/IR-Plag-Dataset/case-01/plagiarized/L1/07/Main.java,1.0
datasets/IR-Plag-Dataset/case-01/original/T1.java,datasets/IR-Plag-Dataset/case-01/plagiarized/L1/07/Main.java,1.0
datasets/IR-Plag-Dataset/case-01/plagiarized/L3/06/Level3.java,datasets/IR-Plag-Dataset/case-01/plagiarized/L2/04/hellow.java,1.0
datasets/IR-Plag-Dataset/case-01/plagiarized/L3/06/Level3.java,datasets/IR-Plag-Dataset/case-01/plagiarized/L2/05/PrintJava.java,1.0
datasets/IR-Plag-Dataset/case-01/plagiarized/L3/01/L3.java,datasets/IR-Plag-Dataset/case-01/plagiarized/L1/07/Main.java,1.0
datasets/IR-Plag-Dataset/case-01/plagiarized/L3/01/L3.java,datasets/IR-Plag-Dataset/case-01/plagiarized/L1/09/Level1.java,1.0
datasets/IR-Plag-Dataset/case-01/plagiarized/L3/01/L3.java,datasets/IR-Plag-Dataset/case-01/plagiarized/L1/08/Kasus1L1.java,1.0
datasets/IR-Plag-Dataset/case-01/plagiarized/L3/01/L3.java,datasets/IR-Plag-Dataset/case-01/plagiarized/L1/01/L1.java,1.0
datasets/IR-Plag-Dataset/case-01/plagiarized/L3/01/L3.java,datasets/IR-Plag-Dataset/case-01/plagiarized/L1/06/HelloWorld.java,1.0
datasets/IR-Plag-Dataset/case-01/original/T1.java,datasets/IR-Plag-Dataset/case-01/non-plagiarized/13/No1.java,1.0
datasets/IR-Plag-Dataset/case-01/original/T1.java,datasets/IR-Plag-Dataset/case-01/plagiarized/L3/04/hellow.java,1.0
datasets/IR-Plag-Dataset/case-01/original/T1.java,datasets/IR-Plag-Dataset/case-01/plagiarized/L3/02/Main.java,1.0
datasets/IR-Plag-Dataset/case-01/original/T1.java,datasets/IR-Plag-Dataset/case-01/plagiarized/L3/01/L3.java,1.0
datasets/IR-Plag-Dataset/case-01/original/T1.java,datasets/IR-Plag-Dataset/case-01/plagiarized/L3/06/Level3.java,1.0
datasets/IR-Plag-Dataset/case-01/plagiarized/L3/06/Level3.java,datasets/IR-Plag-Dataset/case-01/plagiarized/L1/04/T1.java,1.0
datasets/IR-Plag-Dataset/case-01/non-plagiarized/04/T01.java,datasets/IR-Plag-Dataset/case-01/non-plagiarized/11/T01.java,1.0
datasets/IR-Plag-Dataset/case-01/plagiarized/L5/04/hellow.java,datasets/IR-Plag-Dataset/case-01/plagiarized/L6/06/hellow.java,1.0
datasets/IR-Plag-Dataset/case-01/original/T1.java,datasets/IR-Plag-Dataset/case-01/plagiarized/L2/04/hellow.java,1.0
datasets/IR-Plag-Dataset/case-01/plagiarized/L1/01/L1.java,datasets/IR-Plag-Dataset/case-01/plagiarized/L1/06/HelloWorld.java,1.0
datasets/IR-Plag-Dataset/case-01/original/T1.java,datasets/IR-Plag-Dataset/case-01/plagiarized/L2/05/PrintJava.java,1.0
datasets/IR-Plag-Dataset/case-01/original/T1.java,datasets/IR-Plag-Dataset/case-01/plagiarized/L2/02/Main.java,1.0
datasets/IR-Plag-Dataset/case-01/plagiarized/L3/06/Level3.java,datasets/IR-Plag-Dataset/case-01/plagiarized/L2/02/Main.java,1.0
datasets/IR-Plag-Dataset/case-01/original/T1.java,datasets/IR-Plag-Dataset/case-01/plagiarized/L2/01/L2.java,1.0
datasets/IR-Plag-Dataset/case-01/plagiarized/L3/06/Level3.java,datasets/IR-Plag-Dataset/case-01/plagiarized/L1/03/Main.java,1.0
datasets/IR-Plag-Dataset/case-01/original/T1.java,datasets/IR-Plag-Dataset/case-01/plagiarized/L1/03/Main.java,1.0
datasets/IR-Plag-Dataset/case-01/plagiarized/L3/06/Level3.java,datasets/IR-Plag-Dataset/case-01/plagiarized/L2/01/L2.java,1.0
datasets/IR-Plag-Dataset/case-01/original/T1.java,datasets/IR-Plag-Dataset/case-01/plagiarized/L1/04/T1.java,1.0
datasets/IR-Plag-Dataset/case-01/plagiarized/L3/03/HelloWorld.java,datasets/IR-Plag-Dataset/case-01/plagiarized/L1/02/Main.java,0.9915966386554622
datasets/IR-Plag-Dataset/case-01/plagiarized/L3/03/HelloWorld.java,datasets/IR-Plag-Dataset/case-01/plagiarized/L2/05/PrintJava.java,0.9915966386554622
datasets/IR-Plag-Dataset/case-01/plagiarized/L3/03/HelloWorld.java,datasets/IR-Plag-Dataset/case-01/plagiarized/L3/06/Level3.java,0.9915966386554622
datasets/IR-Plag-Dataset/case-01/plagiarized/L3/03/HelloWorld.java,datasets/IR-Plag-Dataset/case-01/plagiarized/L3/01/L3.java,0.9915966386554622
datasets/IR-Plag-Dataset/case-01/plagiarized/L3/03/HelloWorld.java,datasets/IR-Plag-Dataset/case-01/plagiarized/L2/04/hellow.java,0.9915966386554622
datasets/IR-Plag-Dataset/case-01/plagiarized/L3/03/HelloWorld.java,datasets/IR-Plag-Dataset/case-01/plagiarized/L1/06/HelloWorld.java,0.9915966386554622
datasets/IR-Plag-Dataset/case-01/plagiarized/L3/04/hellow.java,datasets/IR-Plag-Dataset/case-01/plagiarized/L1/05/HelloWorld.java,0.9915966386554622
datasets/IR-Plag-Dataset/case-01/plagiarized/L3/03/HelloWorld.java,datasets/IR-Plag-Dataset/case-01/plagiarized/L2/02/Main.java,0.9915966386554622
datasets/IR-Plag-Dataset/case-01/plagiarized/L3/03/HelloWorld.java,datasets/IR-Plag-Dataset/case-01/plagiarized/L2/01/L2.java,0.9915966386554622
datasets/IR-Plag-Dataset/case-01/plagiarized/L3/03/HelloWorld.java,datasets/IR-Plag-Dataset/case-01/plagiarized/L1/07/Main.java,0.9915966386554622
datasets/IR-Plag-Dataset/case-01/plagiarized/L3/03/HelloWorld.java,datasets/IR-Plag-Dataset/case-01/plagiarized/L1/01/L1.java,0.9915966386554622
datasets/IR-Plag-Dataset/case-01/plagiarized/L3/03/HelloWorld.java,datasets/IR-Plag-Dataset/case-01/plagiarized/L1/08/Kasus1L1.java,0.9915966386554622
datasets/IR-Plag-Dataset/case-01/plagiarized/L3/03/HelloWorld.java,datasets/IR-Plag-Dataset/case-01/plagiarized/L1/04/T1.java,0.9915966386554622
datasets/IR-Plag-Dataset/case-01/plagiarized/L3/03/HelloWorld.java,datasets/IR-Plag-Dataset/case-01/plagiarized/L1/09/Level1.java,0.9915966386554622
datasets/IR-Plag-Dataset/case-01/plagiarized/L3/01/L3.java,datasets/IR-Plag-Dataset/case-01/plagiarized/L1/05/HelloWorld.java,0.9915966386554622
datasets/IR-Plag-Dataset/case-01/plagiarized/L3/03/HelloWorld.java,datasets/IR-Plag-Dataset/case-01/plagiarized/L3/02/Main.java,0.9915966386554622
datasets/IR-Plag-Dataset/case-01/plagiarized/L3/03/HelloWorld.java,datasets/IR-Plag-Dataset/case-01/plagiarized/L3/04/hellow.java,0.9915966386554622
datasets/IR-Plag-Dataset/case-01/plagiarized/L1/03/Main.java,datasets/IR-Plag-Dataset/case-01/plagiarized/L1/05/HelloWorld.java,0.9915966386554622
datasets/IR-Plag-Dataset/case-01/plagiarized/L1/04/T1.java,datasets/IR-Plag-Dataset/case-01/plagiarized/L1/05/HelloWorld.java,0.9915966386554622
datasets/IR-Plag-Dataset/case-01/original/T1.java,datasets/IR-Plag-Dataset/case-01/plagiarized/L3/03/HelloWorld.java,0.9915966386554622
datasets/IR-Plag-Dataset/case-01/plagiarized/L2/01/L2.java,datasets/IR-Plag-Dataset/case-01/plagiarized/L1/05/HelloWorld.java,0.9915966386554622
datasets/IR-Plag-Dataset/case-01/plagiarized/L2/02/Main.java,datasets/IR-Plag-Dataset/case-01/plagiarized/L1/05/HelloWorld.java,0.9915966386554622
datasets/IR-Plag-Dataset/case-01/original/T1.java,datasets/IR-Plag-Dataset/case-01/plagiarized/L1/05/HelloWorld.java,0.9915966386554622
datasets/IR-Plag-Dataset/case-01/non-plagiarized/13/No1.java,datasets/IR-Plag-Dataset/case-01/plagiarized/L3/03/HelloWorld.java,0.9915966386554622
datasets/IR-Plag-Dataset/case-01/plagiarized/L2/05/PrintJava.java,datasets/IR-Plag-Dataset/case-01/plagiarized/L1/05/HelloWorld.java,0.9915966386554622
datasets/IR-Plag-Dataset/case-01/plagiarized/L1/05/HelloWorld.java,datasets/IR-Plag-Dataset/case-01/plagiarized/L1/07/Main.java,0.9915966386554622
datasets/IR-Plag-Dataset/case-01/non-plagiarized/13/No1.java,datasets/IR-Plag-Dataset/case-01/plagiarized/L1/05/HelloWorld.java,0.9915966386554622
datasets/IR-Plag-Dataset/case-01/plagiarized/L1/05/HelloWorld.java,datasets/IR-Plag-Dataset/case-01/plagiarized/L1/09/Level1.java,0.9915966386554622
datasets/IR-Plag-Dataset/case-01/plagiarized/L1/05/HelloWorld.java,datasets/IR-Plag-Dataset/case-01/plagiarized/L1/08/Kasus1L1.java,0.9915966386554622
datasets/IR-Plag-Dataset/case-01/plagiarized/L1/05/HelloWorld.java,datasets/IR-Plag-Dataset/case-01/plagiarized/L1/01/L1.java,0.9915966386554622
datasets/IR-Plag-Dataset/case-01/plagiarized/L1/05/HelloWorld.java,datasets/IR-Plag-Dataset/case-01/plagiarized/L1/06/HelloWorld.java,0.9915966386554622
datasets/IR-Plag-Dataset/case-01/plagiarized/L2/04/hellow.java,datasets/IR-Plag-Dataset/case-01/plagiarized/L1/05/HelloWorld.java,0.9915966386554622
datasets/IR-Plag-Dataset/case-01/plagiarized/L1/05/HelloWorld.java,datasets/IR-Plag-Dataset/case-01/plagiarized/L1/02/Main.java,0.9915966386554622
datasets/IR-Plag-Dataset/case-01/plagiarized/L3/03/HelloWorld.java,datasets/IR-Plag-Dataset/case-01/plagiarized/L1/03/Main.java,0.9915966386554622
datasets/IR-Plag-Dataset/case-01/plagiarized/L3/02/Main.java,datasets/IR-Plag-Dataset/case-01/plagiarized/L1/05/HelloWorld.java,0.9915966386554622
datasets/IR-Plag-Dataset/case-01/plagiarized/L3/06/Level3.java,datasets/IR-Plag-Dataset/case-01/plagiarized/L1/05/HelloWorld.java,0.9915966386554622
datasets/IR-Plag-Dataset/case-01/plagiarized/L4/03/Main.java,datasets/IR-Plag-Dataset/case-01/plagiarized/L4/05/hellow.java,0.9861111111111112
datasets/IR-Plag-Dataset/case-01/plagiarized/L2/03/WelcomeToJava.java,datasets/IR-Plag-Dataset/case-01/plagiarized/L1/04/T1.java,0.9836065573770492
datasets/IR-Plag-Dataset/case-01/original/T1.java,datasets/IR-Plag-Dataset/case-01/plagiarized/L2/03/WelcomeToJava.java,0.9836065573770492
datasets/IR-Plag-Dataset/case-01/plagiarized/L2/03/WelcomeToJava.java,datasets/IR-Plag-Dataset/case-01/plagiarized/L2/04/hellow.java,0.9836065573770492
datasets/IR-Plag-Dataset/case-01/plagiarized/L2/03/WelcomeToJava.java,datasets/IR-Plag-Dataset/case-01/plagiarized/L1/06/HelloWorld.java,0.9836065573770492
datasets/IR-Plag-Dataset/case-01/plagiarized/L2/03/WelcomeToJava.java,datasets/IR-Plag-Dataset/case-01/plagiarized/L1/01/L1.java,0.9836065573770492
datasets/IR-Plag-Dataset/case-01/plagiarized/L2/03/WelcomeToJava.java,datasets/IR-Plag-Dataset/case-01/plagiarized/L1/08/Kasus1L1.java,0.9836065573770492
datasets/IR-Plag-Dataset/case-01/plagiarized/L3/02/Main.java,datasets/IR-Plag-Dataset/case-01/plagiarized/L2/03/WelcomeToJava.java,0.9836065573770492
datasets/IR-Plag-Dataset/case-01/plagiarized/L2/03/WelcomeToJava.java,datasets/IR-Plag-Dataset/case-01/plagiarized/L1/09/Level1.java,0.9836065573770492
datasets/IR-Plag-Dataset/case-01/plagiarized/L2/03/WelcomeToJava.java,datasets/IR-Plag-Dataset/case-01/plagiarized/L1/07/Main.java,0.9836065573770492
datasets/IR-Plag-Dataset/case-01/plagiarized/L3/04/hellow.java,datasets/IR-Plag-Dataset/case-01/plagiarized/L2/03/WelcomeToJava.java,0.9836065573770492
datasets/IR-Plag-Dataset/case-01/non-plagiarized/13/No1.java,datasets/IR-Plag-Dataset/case-01/plagiarized/L2/03/WelcomeToJava.java,0.9836065573770492
datasets/IR-Plag-Dataset/case-01/plagiarized/L2/03/WelcomeToJava.java,datasets/IR-Plag-Dataset/case-01/plagiarized/L2/05/PrintJava.java,0.9836065573770492
datasets/IR-Plag-Dataset/case-01/plagiarized/L2/03/WelcomeToJava.java,datasets/IR-Plag-Dataset/case-01/plagiarized/L1/02/Main.java,0.9836065573770492
datasets/IR-Plag-Dataset/case-01/plagiarized/L3/06/Level3.java,datasets/IR-Plag-Dataset/case-01/plagiarized/L2/03/WelcomeToJava.java,0.9836065573770492
datasets/IR-Plag-Dataset/case-01/plagiarized/L2/03/WelcomeToJava.java,datasets/IR-Plag-Dataset/case-01/plagiarized/L2/02/Main.java,0.9836065573770492
datasets/IR-Plag-Dataset/case-01/plagiarized/L2/03/WelcomeToJava.java,datasets/IR-Plag-Dataset/case-01/plagiarized/L1/03/Main.java,0.9836065573770492
datasets/IR-Plag-Dataset/case-01/plagiarized/L3/01/L3.java,datasets/IR-Plag-Dataset/case-01/plagiarized/L2/03/WelcomeToJava.java,0.9836065573770492
datasets/IR-Plag-Dataset/case-01/plagiarized/L2/03/WelcomeToJava.java,datasets/IR-Plag-Dataset/case-01/plagiarized/L2/01/L2.java,0.9836065573770492
datasets/IR-Plag-Dataset/case-01/plagiarized/L2/03/WelcomeToJava.java,datasets/IR-Plag-Dataset/case-01/plagiarized/L1/05/HelloWorld.java,0.9752066115702479
datasets/IR-Plag-Dataset/case-01/plagiarized/L3/03/HelloWorld.java,datasets/IR-Plag-Dataset/case-01/plagiarized/L2/03/WelcomeToJava.java,0.9752066115702479
datasets/IR-Plag-Dataset/case-01/non-plagiarized/10/Main.java,datasets/IR-Plag-Dataset/case-01/non-plagiarized/15/T01.java,0.975
datasets/IR-Plag-Dataset/case-01/non-plagiarized/08/T01.java,datasets/IR-Plag-Dataset/case-01/non-plagiarized/15/T01.java,0.975
datasets/IR-Plag-Dataset/case-01/non-plagiarized/02/T01.java,datasets/IR-Plag-Dataset/case-01/non-plagiarized/15/T01.java,0.975
datasets/IR-Plag-Dataset/case-01/non-plagiarized/04/T01.java,datasets/IR-Plag-Dataset/case-01/non-plagiarized/15/T01.java,0.975
datasets/IR-Plag-Dataset/case-01/non-plagiarized/03/Nomor1_2451041557A22145B3701B0184109CAB013.java,datasets/IR-Plag-Dataset/case-01/non-plagiarized/15/T01.java,0.975
datasets/IR-Plag-Dataset/case-01/non-plagiarized/06/T01.java,datasets/IR-Plag-Dataset/case-01/non-plagiarized/15/T01.java,0.975
datasets/IR-Plag-Dataset/case-01/non-plagiarized/15/T01.java,datasets/IR-Plag-Dataset/case-01/non-plagiarized/12/T01.java,0.975
datasets/IR-Plag-Dataset/case-01/non-plagiarized/05/T01.java,datasets/IR-Plag-Dataset/case-01/non-plagiarized/15/T01.java,0.975
datasets/IR-Plag-Dataset/case-01/non-plagiarized/11/T01.java,datasets/IR-Plag-Dataset/case-01/non-plagiarized/15/T01.java,0.975
datasets/IR-Plag-Dataset/case-01/non-plagiarized/09/t01.java,datasets/IR-Plag-Dataset/case-01/non-plagiarized/15/T01.java,0.975
datasets/IR-Plag-Dataset/case-01/non-plagiarized/01/T01.java,datasets/IR-Plag-Dataset/case-01/non-plagiarized/15/T01.java,0.975
datasets/IR-Plag-Dataset/case-01/plagiarized/L3/05/Kasus1L3.java,datasets/IR-Plag-Dataset/case-01/plagiarized/L1/09/Level1.java,0.96
datasets/IR-Plag-Dataset/case-01/plagiarized/L3/05/Kasus1L3.java,datasets/IR-Plag-Dataset/case-01/plagiarized/L2/02/Main.java,0.96
datasets/IR-Plag-Dataset/case-01/original/T1.java,datasets/IR-Plag-Dataset/case-01/plagiarized/L3/05/Kasus1L3.java,0.96
datasets/IR-Plag-Dataset/case-01/plagiarized/L3/05/Kasus1L3.java,datasets/IR-Plag-Dataset/case-01/plagiarized/L2/04/hellow.java,0.96
datasets/IR-Plag-Dataset/case-01/plagiarized/L3/05/Kasus1L3.java,datasets/IR-Plag-Dataset/case-01/plagiarized/L2/05/PrintJava.java,0.96
datasets/IR-Plag-Dataset/case-01/non-plagiarized/13/No1.java,datasets/IR-Plag-Dataset/case-01/plagiarized/L3/05/Kasus1L3.java,0.96
datasets/IR-Plag-Dataset/case-01/plagiarized/L3/05/Kasus1L3.java,datasets/IR-Plag-Dataset/case-01/plagiarized/L1/08/Kasus1L1.java,0.96
datasets/IR-Plag-Dataset/case-01/plagiarized/L3/05/Kasus1L3.java,datasets/IR-Plag-Dataset/case-01/plagiarized/L3/06/Level3.java,0.96
datasets/IR-Plag-Dataset/case-01/plagiarized/L3/05/Kasus1L3.java,datasets/IR-Plag-Dataset/case-01/plagiarized/L1/06/HelloWorld.java,0.96
datasets/IR-Plag-Dataset/case-01/plagiarized/L3/05/Kasus1L3.java,datasets/IR-Plag-Dataset/case-01/plagiarized/L1/01/L1.java,0.96
datasets/IR-Plag-Dataset/case-01/plagiarized/L3/05/Kasus1L3.java,datasets/IR-Plag-Dataset/case-01/plagiarized/L2/01/L2.java,0.96
datasets/IR-Plag-Dataset/case-01/plagiarized/L3/05/Kasus1L3.java,datasets/IR-Plag-Dataset/case-01/plagiarized/L1/03/Main.java,0.96
datasets/IR-Plag-Dataset/case-01/plagiarized/L3/05/Kasus1L3.java,datasets/IR-Plag-Dataset/case-01/plagiarized/L1/04/T1.java,0.96
datasets/IR-Plag-Dataset/case-01/plagiarized/L3/05/Kasus1L3.java,datasets/IR-Plag-Dataset/case-01/plagiarized/L1/02/Main.java,0.96
datasets/IR-Plag-Dataset/case-01/plagiarized/L3/05/Kasus1L3.java,datasets/IR-Plag-Dataset/case-01/plagiarized/L1/07/Main.java,0.96
datasets/IR-Plag-Dataset/case-01/plagiarized/L3/04/hellow.java,datasets/IR-Plag-Dataset/case-01/plagiarized/L3/05/Kasus1L3.java,0.96
datasets/IR-Plag-Dataset/case-01/plagiarized/L3/05/Kasus1L3.java,datasets/IR-Plag-Dataset/case-01/plagiarized/L3/01/L3.java,0.96
datasets/IR-Plag-Dataset/case-01/plagiarized/L3/05/Kasus1L3.java,datasets/IR-Plag-Dataset/case-01/plagiarized/L3/02/Main.java,0.96
datasets/IR-Plag-Dataset/case-01/plagiarized/L5/05/PrintJava.java,datasets/IR-Plag-Dataset/case-01/plagiarized/L6/07/PrintJava.java,0.9516129032258065
datasets/IR-Plag-Dataset/case-01/plagiarized/L3/05/Kasus1L3.java,datasets/IR-Plag-Dataset/case-01/plagiarized/L1/05/HelloWorld.java,0.9516129032258065
datasets/IR-Plag-Dataset/case-01/plagiarized/L3/03/HelloWorld.java,datasets/IR-Plag-Dataset/case-01/plagiarized/L3/05/Kasus1L3.java,0.9516129032258065
datasets/IR-Plag-Dataset/case-01/plagiarized/L4/05/hellow.java,datasets/IR-Plag-Dataset/case-01/plagiarized/L4/06/Level4.java,0.9473684210526315
datasets/IR-Plag-Dataset/case-01/plagiarized/L3/05/Kasus1L3.java,datasets/IR-Plag-Dataset/case-01/plagiarized/L2/03/WelcomeToJava.java,0.9448818897637795
datasets/IR-Plag-Dataset/case-01/plagiarized/L5/01/L5.java,datasets/IR-Plag-Dataset/case-01/plagiarized/L6/01/L6.java,0.9433962264150944
datasets/IR-Plag-Dataset/case-01/non-plagiarized/07/Main.java,datasets/IR-Plag-Dataset/case-01/non-plagiarized/01/T01.java,0.9425287356321839
datasets/IR-Plag-Dataset/case-01/non-plagiarized/07/Main.java,datasets/IR-Plag-Dataset/case-01/non-plagiarized/08/T01.java,0.9425287356321839
datasets/IR-Plag-Dataset/case-01/non-plagiarized/02/T01.java,datasets/IR-Plag-Dataset/case-01/non-plagiarized/07/Main.java,0.9425287356321839
datasets/IR-Plag-Dataset/case-01/non-plagiarized/10/Main.java,datasets/IR-Plag-Dataset/case-01/non-plagiarized/07/Main.java,0.9425287356321839
datasets/IR-Plag-Dataset/case-01/non-plagiarized/03/Nomor1_2451041557A22145B3701B0184109CAB013.java,datasets/IR-Plag-Dataset/case-01/non-plagiarized/07/Main.java,0.9425287356321839
datasets/IR-Plag-Dataset/case-01/non-plagiarized/07/Main.java,datasets/IR-Plag-Dataset/case-01/non-plagiarized/09/t01.java,0.9425287356321839
datasets/IR-Plag-Dataset/case-01/non-plagiarized/07/Main.java,datasets/IR-Plag-Dataset/case-01/non-plagiarized/12/T01.java,0.9425287356321839
datasets/IR-Plag-Dataset/case-01/non-plagiarized/07/Main.java,datasets/IR-Plag-Dataset/case-01/non-plagiarized/06/T01.java,0.9425287356321839
datasets/IR-Plag-Dataset/case-01/non-plagiarized/11/T01.java,datasets/IR-Plag-Dataset/case-01/non-plagiarized/07/Main.java,0.9425287356321839
datasets/IR-Plag-Dataset/case-01/non-plagiarized/04/T01.java,datasets/IR-Plag-Dataset/case-01/non-plagiarized/07/Main.java,0.9425287356321839
datasets/IR-Plag-Dataset/case-01/non-plagiarized/05/T01.java,datasets/IR-Plag-Dataset/case-01/non-plagiarized/07/Main.java,0.9425287356321839
datasets/IR-Plag-Dataset/case-01/plagiarized/L5/02/Main.java,datasets/IR-Plag-Dataset/case-01/plagiarized/L6/03/Main.java,0.9345794392523364
datasets/IR-Plag-Dataset/case-01/plagiarized/L4/03/Main.java,datasets/IR-Plag-Dataset/case-01/plagiarized/L4/06/Level4.java,0.9342105263157895
datasets/IR-Plag-Dataset/case-01/plagiarized/L4/04/HelloWorld.java,datasets/IR-Plag-Dataset/case-01/plagiarized/L4/01/L4.java,0.9333333333333333
datasets/IR-Plag-Dataset/case-01/plagiarized/L4/05/hellow.java,datasets/IR-Plag-Dataset/case-01/plagiarized/L5/04/hellow.java,0.9305555555555556
datasets/IR-Plag-Dataset/case-01/plagiarized/L4/05/hellow.java,datasets/IR-Plag-Dataset/case-01/plagiarized/L6/06/hellow.java,0.9305555555555556
datasets/IR-Plag-Dataset/case-01/plagiarized/L5/05/PrintJava.java,datasets/IR-Plag-Dataset/case-01/plagiarized/L5/02/Main.java,0.9217391304347826
datasets/IR-Plag-Dataset/case-01/non-plagiarized/07/Main.java,datasets/IR-Plag-Dataset/case-01/non-plagiarized/15/T01.java,0.9176470588235294
datasets/IR-Plag-Dataset/case-01/non-plagiarized/15/T01.java,datasets/IR-Plag-Dataset/case-01/non-plagiarized/14/Soal1.java,0.9176470588235294
datasets/IR-Plag-Dataset/case-01/plagiarized/L4/03/Main.java,datasets/IR-Plag-Dataset/case-01/plagiarized/L6/06/hellow.java,0.9166666666666666
datasets/IR-Plag-Dataset/case-01/plagiarized/L4/03/Main.java,datasets/IR-Plag-Dataset/case-01/plagiarized/L5/04/hellow.java,0.9166666666666666
datasets/IR-Plag-Dataset/case-01/plagiarized/L6/03/Main.java,datasets/IR-Plag-Dataset/case-01/plagiarized/L6/07/PrintJava.java,0.9137931034482759
datasets/IR-Plag-Dataset/case-01/plagiarized/L4/05/hellow.java,datasets/IR-Plag-Dataset/case-01/plagiarized/L2/03/WelcomeToJava.java,0.9104477611940298
datasets/IR-Plag-Dataset/case-01/plagiarized/L4/03/Main.java,datasets/IR-Plag-Dataset/case-01/plagiarized/L2/03/WelcomeToJava.java,0.9104477611940298
datasets/IR-Plag-Dataset/case-01/plagiarized/L4/03/Main.java,datasets/IR-Plag-Dataset/case-01/plagiarized/L1/06/HelloWorld.java,0.9090909090909091
datasets/IR-Plag-Dataset/case-01/plagiarized/L4/03/Main.java,datasets/IR-Plag-Dataset/case-01/plagiarized/L2/04/hellow.java,0.9090909090909091
datasets/IR-Plag-Dataset/case-01/plagiarized/L4/03/Main.java,datasets/IR-Plag-Dataset/case-01/plagiarized/L1/01/L1.java,0.9090909090909091
datasets/IR-Plag-Dataset/case-01/plagiarized/L3/01/L3.java,datasets/IR-Plag-Dataset/case-01/plagiarized/L4/05/hellow.java,0.9090909090909091
datasets/IR-Plag-Dataset/case-01/plagiarized/L4/05/hellow.java,datasets/IR-Plag-Dataset/case-01/plagiarized/L1/04/T1.java,0.9090909090909091
datasets/IR-Plag-Dataset/case-01/plagiarized/L3/01/L3.java,datasets/IR-Plag-Dataset/case-01/plagiarized/L4/03/Main.java,0.9090909090909091
datasets/IR-Plag-Dataset/case-01/plagiarized/L4/05/hellow.java,datasets/IR-Plag-Dataset/case-01/plagiarized/L2/01/L2.java,0.9090909090909091
datasets/IR-Plag-Dataset/case-01/plagiarized/L4/05/hellow.java,datasets/IR-Plag-Dataset/case-01/plagiarized/L1/03/Main.java,0.9090909090909091
datasets/IR-Plag-Dataset/case-01/plagiarized/L3/02/Main.java,datasets/IR-Plag-Dataset/case-01/plagiarized/L4/05/hellow.java,0.9090909090909091
datasets/IR-Plag-Dataset/case-01/plagiarized/L4/05/hellow.java,datasets/IR-Plag-Dataset/case-01/plagiarized/L1/02/Main.java,0.9090909090909091
datasets/IR-Plag-Dataset/case-01/plagiarized/L4/05/hellow.java,datasets/IR-Plag-Dataset/case-01/plagiarized/L1/07/Main.java,0.9090909090909091
datasets/IR-Plag-Dataset/case-01/plagiarized/L3/02/Main.java,datasets/IR-Plag-Dataset/case-01/plagiarized/L4/03/Main.java,0.9090909090909091
datasets/IR-Plag-Dataset/case-01/plagiarized/L4/05/hellow.java,datasets/IR-Plag-Dataset/case-01/plagiarized/L1/09/Level1.java,0.9090909090909091
datasets/IR-Plag-Dataset/case-01/non-plagiarized/13/No1.java,datasets/IR-Plag-Dataset/case-01/plagiarized/L4/05/hellow.java,0.9090909090909091
datasets/IR-Plag-Dataset/case-01/non-plagiarized/13/No1.java,datasets/IR-Plag-Dataset/case-01/plagiarized/L4/03/Main.java,0.9090909090909091
datasets/IR-Plag-Dataset/case-01/plagiarized/L4/03/Main.java,datasets/IR-Plag-Dataset/case-01/plagiarized/L1/08/Kasus1L1.java,0.9090909090909091
datasets/IR-Plag-Dataset/case-01/plagiarized/L4/03/Main.java,datasets/IR-Plag-Dataset/case-01/plagiarized/L1/09/Level1.java,0.9090909090909091
datasets/IR-Plag-Dataset/case-01/plagiarized/L4/03/Main.java,datasets/IR-Plag-Dataset/case-01/plagiarized/L1/07/Main.java,0.9090909090909091
datasets/IR-Plag-Dataset/case-01/plagiarized/L4/05/hellow.java,datasets/IR-Plag-Dataset/case-01/plagiarized/L1/08/Kasus1L1.java,0.9090909090909091
datasets/IR-Plag-Dataset/case-01/plagiarized/L4/03/Main.java,datasets/IR-Plag-Dataset/case-01/plagiarized/L2/02/Main.java,0.9090909090909091
datasets/IR-Plag-Dataset/case-01/plagiarized/L4/05/hellow.java,datasets/IR-Plag-Dataset/case-01/plagiarized/L1/06/HelloWorld.java,0.9090909090909091
datasets/IR-Plag-Dataset/case-01/plagiarized/L4/03/Main.java,datasets/IR-Plag-Dataset/case-01/plagiarized/L2/01/L2.java,0.9090909090909091
datasets/IR-Plag-Dataset/case-01/plagiarized/L4/05/hellow.java,datasets/IR-Plag-Dataset/case-01/plagiarized/L2/02/Main.java,0.9090909090909091
datasets/IR-Plag-Dataset/case-01/plagiarized/L4/03/Main.java,datasets/IR-Plag-Dataset/case-01/plagiarized/L1/03/Main.java,0.9090909090909091
datasets/IR-Plag-Dataset/case-01/plagiarized/L3/06/Level3.java,datasets/IR-Plag-Dataset/case-01/plagiarized/L4/03/Main.java,0.9090909090909091
datasets/IR-Plag-Dataset/case-01/plagiarized/L3/06/Level3.java,datasets/IR-Plag-Dataset/case-01/plagiarized/L4/05/hellow.java,0.9090909090909091
datasets/IR-Plag-Dataset/case-01/plagiarized/L4/03/Main.java,datasets/IR-Plag-Dataset/case-01/plagiarized/L1/04/T1.java,0.9090909090909091
datasets/IR-Plag-Dataset/case-01/plagiarized/L4/03/Main.java,datasets/IR-Plag-Dataset/case-01/plagiarized/L1/02/Main.java,0.9090909090909091
datasets/IR-Plag-Dataset/case-01/plagiarized/L4/05/hellow.java,datasets/IR-Plag-Dataset/case-01/plagiarized/L1/01/L1.java,0.9090909090909091
datasets/IR-Plag-Dataset/case-01/plagiarized/L4/03/Main.java,datasets/IR-Plag-Dataset/case-01/plagiarized/L2/05/PrintJava.java,0.9090909090909091
datasets/IR-Plag-Dataset/case-01/original/T1.java,datasets/IR-Plag-Dataset/case-01/plagiarized/L4/03/Main.java,0.9090909090909091
datasets/IR-Plag-Dataset/case-01/plagiarized/L4/05/hellow.java,datasets/IR-Plag-Dataset/case-01/plagiarized/L2/05/PrintJava.java,0.9090909090909091
datasets/IR-Plag-Dataset/case-01/plagiarized/L4/05/hellow.java,datasets/IR-Plag-Dataset/case-01/plagiarized/L2/04/hellow.java,0.9090909090909091
datasets/IR-Plag-Dataset/case-01/plagiarized/L3/04/hellow.java,datasets/IR-Plag-Dataset/case-01/plagiarized/L4/03/Main.java,0.9090909090909091
datasets/IR-Plag-Dataset/case-01/plagiarized/L3/04/hellow.java,datasets/IR-Plag-Dataset/case-01/plagiarized/L4/05/hellow.java,0.9090909090909091
datasets/IR-Plag-Dataset/case-01/original/T1.java,datasets/IR-Plag-Dataset/case-01/plagiarized/L4/05/hellow.java,0.9090909090909091
datasets/IR-Plag-Dataset/case-01/plagiarized/L3/05/Kasus1L3.java,datasets/IR-Plag-Dataset/case-01/plagiarized/L4/05/hellow.java,0.9051094890510949
datasets/IR-Plag-Dataset/case-01/plagiarized/L3/05/Kasus1L3.java,datasets/IR-Plag-Dataset/case-01/plagiarized/L4/03/Main.java,0.9051094890510949
datasets/IR-Plag-Dataset/case-01/plagiarized/L3/03/HelloWorld.java,datasets/IR-Plag-Dataset/case-01/plagiarized/L4/03/Main.java,0.9007633587786259
datasets/IR-Plag-Dataset/case-01/plagiarized/L4/03/Main.java,datasets/IR-Plag-Dataset/case-01/plagiarized/L1/05/HelloWorld.java,0.9007633587786259
datasets/IR-Plag-Dataset/case-01/plagiarized/L3/03/HelloWorld.java,datasets/IR-Plag-Dataset/case-01/plagiarized/L4/05/hellow.java,0.9007633587786259
datasets/IR-Plag-Dataset/case-01/plagiarized/L4/05/hellow.java,datasets/IR-Plag-Dataset/case-01/plagiarized/L1/05/HelloWorld.java,0.9007633587786259
datasets/IR-Plag-Dataset/case-01/non-plagiarized/12/T01.java,datasets/IR-Plag-Dataset/case-01/non-plagiarized/14/Soal1.java,0.896551724137931
datasets/IR-Plag-Dataset/case-01/non-plagiarized/10/Main.java,datasets/IR-Plag-Dataset/case-01/non-plagiarized/14/Soal1.java,0.896551724137931
datasets/IR-Plag-Dataset/case-01/non-plagiarized/08/T01.java,datasets/IR-Plag-Dataset/case-01/non-plagiarized/14/Soal1.java,0.896551724137931
datasets/IR-Plag-Dataset/case-01/non-plagiarized/01/T01.java,datasets/IR-Plag-Dataset/case-01/non-plagiarized/14/Soal1.java,0.896551724137931
datasets/IR-Plag-Dataset/case-01/non-plagiarized/09/t01.java,datasets/IR-Plag-Dataset/case-01/non-plagiarized/14/Soal1.java,0.896551724137931
datasets/IR-Plag-Dataset/case-01/non-plagiarized/03/Nomor1_2451041557A22145B3701B0184109CAB013.java,datasets/IR-Plag-Dataset/case-01/non-plagiarized/14/Soal1.java,0.896551724137931
datasets/IR-Plag-Dataset/case-01/non-plagiarized/04/T01.java,datasets/IR-Plag-Dataset/case-01/non-plagiarized/14/Soal1.java,0.896551724137931
datasets/IR-Plag-Dataset/case-01/non-plagiarized/06/T01.java,datasets/IR-Plag-Dataset/case-01/non-plagiarized/14/Soal1.java,0.896551724137931
datasets/IR-Plag-Dataset/case-01/non-plagiarized/02/T01.java,datasets/IR-Plag-Dataset/case-01/non-plagiarized/14/Soal1.java,0.896551724137931
datasets/IR-Plag-Dataset/case-01/non-plagiarized/05/T01.java,datasets/IR-Plag-Dataset/case-01/non-plagiarized/14/Soal1.java,0.896551724137931
datasets/IR-Plag-Dataset/case-01/plagiarized/L3/05/Kasus1L3.java,datasets/IR-Plag-Dataset/case-01/plagiarized/L4/06/Level4.java,0.896551724137931
datasets/IR-Plag-Dataset/case-01/non-plagiarized/11/T01.java,datasets/IR-Plag-Dataset/case-01/non-plagiarized/14/Soal1.java,0.896551724137931
datasets/IR-Plag-Dataset/case-01/plagiarized/L4/06/Level4.java,datasets/IR-Plag-Dataset/case-01/plagiarized/L6/06/hellow.java,0.881578947368421
datasets/IR-Plag-Dataset/case-01/plagiarized/L4/06/Level4.java,datasets/IR-Plag-Dataset/case-01/plagiarized/L5/04/hellow.java,0.881578947368421
datasets/IR-Plag-Dataset/case-01/plagiarized/L6/09/Level6.java,datasets/IR-Plag-Dataset/case-01/plagiarized/L6/08/Kasus1L6.java,0.8813559322033898
datasets/IR-Plag-Dataset/case-01/plagiarized/L4/01/L4.java,datasets/IR-Plag-Dataset/case-01/plagiarized/L2/03/WelcomeToJava.java,0.8805970149253731
datasets/IR-Plag-Dataset/case-01/plagiarized/L4/01/L4.java,datasets/IR-Plag-Dataset/case-01/plagiarized/L2/01/L2.java,0.8787878787878788
datasets/IR-Plag-Dataset/case-01/plagiarized/L4/01/L4.java,datasets/IR-Plag-Dataset/case-01/plagiarized/L1/06/HelloWorld.java,0.8787878787878788
datasets/IR-Plag-Dataset/case-01/plagiarized/L3/04/hellow.java,datasets/IR-Plag-Dataset/case-01/plagiarized/L4/01/L4.java,0.8787878787878788
datasets/IR-Plag-Dataset/case-01/plagiarized/L3/06/Level3.java,datasets/IR-Plag-Dataset/case-01/plagiarized/L4/01/L4.java,0.8787878787878788
datasets/IR-Plag-Dataset/case-01/original/T1.java,datasets/IR-Plag-Dataset/case-01/plagiarized/L4/01/L4.java,0.8787878787878788
datasets/IR-Plag-Dataset/case-01/plagiarized/L4/01/L4.java,datasets/IR-Plag-Dataset/case-01/plagiarized/L1/01/L1.java,0.8787878787878788
datasets/IR-Plag-Dataset/case-01/plagiarized/L3/02/Main.java,datasets/IR-Plag-Dataset/case-01/plagiarized/L4/01/L4.java,0.8787878787878788
datasets/IR-Plag-Dataset/case-01/plagiarized/L4/01/L4.java,datasets/IR-Plag-Dataset/case-01/plagiarized/L1/08/Kasus1L1.java,0.8787878787878788
datasets/IR-Plag-Dataset/case-01/plagiarized/L4/01/L4.java,datasets/IR-Plag-Dataset/case-01/plagiarized/L2/02/Main.java,0.8787878787878788
datasets/IR-Plag-Dataset/case-01/plagiarized/L4/01/L4.java,datasets/IR-Plag-Dataset/case-01/plagiarized/L2/05/PrintJava.java,0.8787878787878788
datasets/IR-Plag-Dataset/case-01/non-plagiarized/13/No1.java,datasets/IR-Plag-Dataset/case-01/plagiarized/L4/01/L4.java,0.8787878787878788
datasets/IR-Plag-Dataset/case-01/plagiarized/L4/01/L4.java,datasets/IR-Plag-Dataset/case-01/plagiarized/L1/07/Main.java,0.8787878787878788
datasets/IR-Plag-Dataset/case-01/plagiarized/L4/01/L4.java,datasets/IR-Plag-Dataset/case-01/plagiarized/L2/04/hellow.java,0.8787878787878788
datasets/IR-Plag-Dataset/case-01/plagiarized/L3/01/L3.java,datasets/IR-Plag-Dataset/case-01/plagiarized/L4/01/L4.java,0.8787878787878788
datasets/IR-Plag-Dataset/case-01/plagiarized/L4/01/L4.java,datasets/IR-Plag-Dataset/case-01/plagiarized/L1/03/Main.java,0.8787878787878788
datasets/IR-Plag-Dataset/case-01/plagiarized/L4/01/L4.java,datasets/IR-Plag-Dataset/case-01/plagiarized/L1/09/Level1.java,0.8787878787878788
datasets/IR-Plag-Dataset/case-01/plagiarized/L4/01/L4.java,datasets/IR-Plag-Dataset/case-01/plagiarized/L1/02/Main.java,0.8787878787878788
datasets/IR-Plag-Dataset/case-01/plagiarized/L4/01/L4.java,datasets/IR-Plag-Dataset/case-01/plagiarized/L1/04/T1.java,0.8787878787878788
datasets/IR-Plag-Dataset/case-01/plagiarized/L6/05/HelloWorld.java,datasets/IR-Plag-Dataset/case-01/plagiarized/L6/01/L6.java,0.8727272727272727
datasets/IR-Plag-Dataset/case-01/non-plagiarized/08/T01.java,datasets/IR-Plag-Dataset/case-01/plagiarized/L5/02/Main.java,0.8723404255319149
datasets/IR-Plag-Dataset/case-01/non-plagiarized/03/Nomor1_2451041557A22145B3701B0184109CAB013.java,datasets/IR-Plag-Dataset/case-01/plagiarized/L5/02/Main.java,0.8723404255319149
datasets/IR-Plag-Dataset/case-01/non-plagiarized/09/t01.java,datasets/IR-Plag-Dataset/case-01/plagiarized/L5/02/Main.java,0.8723404255319149
datasets/IR-Plag-Dataset/case-01/non-plagiarized/11/T01.java,datasets/IR-Plag-Dataset/case-01/plagiarized/L5/02/Main.java,0.8723404255319149
datasets/IR-Plag-Dataset/case-01/non-plagiarized/05/T01.java,datasets/IR-Plag-Dataset/case-01/plagiarized/L5/02/Main.java,0.8723404255319149
datasets/IR-Plag-Dataset/case-01/non-plagiarized/06/T01.java,datasets/IR-Plag-Dataset/case-01/plagiarized/L5/02/Main.java,0.8723404255319149
datasets/IR-Plag-Dataset/case-01/non-plagiarized/01/T01.java,datasets/IR-Plag-Dataset/case-01/plagiarized/L5/02/Main.java,0.8723404255319149
datasets/IR-Plag-Dataset/case-01/non-plagiarized/04/T01.java,datasets/IR-Plag-Dataset/case-01/plagiarized/L5/02/Main.java,0.8723404255319149
datasets/IR-Plag-Dataset/case-01/non-plagiarized/12/T01.java,datasets/IR-Plag-Dataset/case-01/plagiarized/L5/02/Main.java,0.8723404255319149
datasets/IR-Plag-Dataset/case-01/non-plagiarized/02/T01.java,datasets/IR-Plag-Dataset/case-01/plagiarized/L5/02/Main.java,0.8723404255319149
datasets/IR-Plag-Dataset/case-01/non-plagiarized/10/Main.java,datasets/IR-Plag-Dataset/case-01/plagiarized/L5/02/Main.java,0.8723404255319149
datasets/IR-Plag-Dataset/case-01/plagiarized/L4/01/L4.java,datasets/IR-Plag-Dataset/case-01/plagiarized/L1/05/HelloWorld.java,0.8702290076335878
datasets/IR-Plag-Dataset/case-01/plagiarized/L3/03/HelloWorld.java,datasets/IR-Plag-Dataset/case-01/plagiarized/L4/01/L4.java,0.8702290076335878
datasets/IR-Plag-Dataset/case-01/plagiarized/L5/02/Main.java,datasets/IR-Plag-Dataset/case-01/plagiarized/L6/07/PrintJava.java,0.8695652173913043
datasets/IR-Plag-Dataset/case-01/non-plagiarized/07/Main.java,datasets/IR-Plag-Dataset/case-01/plagiarized/L5/02/Main.java,0.8686868686868687
datasets/IR-Plag-Dataset/case-01/plagiarized/L5/05/PrintJava.java,datasets/IR-Plag-Dataset/case-01/plagiarized/L6/03/Main.java,0.8620689655172413
datasets/IR-Plag-Dataset/case-01/plagiarized/L4/06/Level4.java,datasets/IR-Plag-Dataset/case-01/plagiarized/L2/03/WelcomeToJava.java,0.8591549295774648
datasets/IR-Plag-Dataset/case-01/non-plagiarized/13/No1.java,datasets/IR-Plag-Dataset/case-01/plagiarized/L4/06/Level4.java,0.8571428571428571
datasets/IR-Plag-Dataset/case-01/plagiarized/L4/06/Level4.java,datasets/IR-Plag-Dataset/case-01/plagiarized/L1/08/Kasus1L1.java,0.8571428571428571
datasets/IR-Plag-Dataset/case-01/plagiarized/L3/06/Level3.java,datasets/IR-Plag-Dataset/case-01/plagiarized/L4/06/Level4.java,0.8571428571428571
datasets/IR-Plag-Dataset/case-01/plagiarized/L4/06/Level4.java,datasets/IR-Plag-Dataset/case-01/plagiarized/L2/02/Main.java,0.8571428571428571
datasets/IR-Plag-Dataset/case-01/plagiarized/L4/06/Level4.java,datasets/IR-Plag-Dataset/case-01/plagiarized/L1/06/HelloWorld.java,0.8571428571428571
datasets/IR-Plag-Dataset/case-01/original/T1.java,datasets/IR-Plag-Dataset/case-01/plagiarized/L4/06/Level4.java,0.8571428571428571
datasets/IR-Plag-Dataset/case-01/plagiarized/L4/06/Level4.java,datasets/IR-Plag-Dataset/case-01/plagiarized/L2/05/PrintJava.java,0.8571428571428571
datasets/IR-Plag-Dataset/case-01/plagiarized/L4/06/Level4.java,datasets/IR-Plag-Dataset/case-01/plagiarized/L2/04/hellow.java,0.8571428571428571
datasets/IR-Plag-Dataset/case-01/plagiarized/L4/06/Level4.java,datasets/IR-Plag-Dataset/case-01/plagiarized/L1/01/L1.java,0.8571428571428571
datasets/IR-Plag-Dataset/case-01/plagiarized/L4/06/Level4.java,datasets/IR-Plag-Dataset/case-01/plagiarized/L1/09/Level1.java,0.8571428571428571
datasets/IR-Plag-Dataset/case-01/plagiarized/L3/02/Main.java,datasets/IR-Plag-Dataset/case-01/plagiarized/L4/06/Level4.java,0.8571428571428571
datasets/IR-Plag-Dataset/case-01/plagiarized/L4/06/Level4.java,datasets/IR-Plag-Dataset/case-01/plagiarized/L1/07/Main.java,0.8571428571428571
datasets/IR-Plag-Dataset/case-01/plagiarized/L3/01/L3.java,datasets/IR-Plag-Dataset/case-01/plagiarized/L4/06/Level4.java,0.8571428571428571
datasets/IR-Plag-Dataset/case-01/plagiarized/L4/06/Level4.java,datasets/IR-Plag-Dataset/case-01/plagiarized/L1/02/Main.java,0.8571428571428571
datasets/IR-Plag-Dataset/case-01/plagiarized/L4/06/Level4.java,datasets/IR-Plag-Dataset/case-01/plagiarized/L1/03/Main.java,0.8571428571428571
datasets/IR-Plag-Dataset/case-01/plagiarized/L3/04/hellow.java,datasets/IR-Plag-Dataset/case-01/plagiarized/L4/06/Level4.java,0.8571428571428571
datasets/IR-Plag-Dataset/case-01/plagiarized/L4/06/Level4.java,datasets/IR-Plag-Dataset/case-01/plagiarized/L1/04/T1.java,0.8571428571428571
datasets/IR-Plag-Dataset/case-01/plagiarized/L4/06/Level4.java,datasets/IR-Plag-Dataset/case-01/plagiarized/L2/01/L2.java,0.8571428571428571
datasets/IR-Plag-Dataset/case-01/plagiarized/L5/03/WelcomeToJava.java,datasets/IR-Plag-Dataset/case-01/plagiarized/L6/04/WelcomeToJava.java,0.8521739130434782
datasets/IR-Plag-Dataset/case-01/plagiarized/L4/06/Level4.java,datasets/IR-Plag-Dataset/case-01/plagiarized/L1/05/HelloWorld.java,0.8489208633093526
datasets/IR-Plag-Dataset/case-01/plagiarized/L3/03/HelloWorld.java,datasets/IR-Plag-Dataset/case-01/plagiarized/L4/06/Level4.java,0.8489208633093526
datasets/IR-Plag-Dataset/case-01/non-plagiarized/15/T01.java,datasets/IR-Plag-Dataset/case-01/plagiarized/L5/02/Main.java,0.8478260869565217
datasets/IR-Plag-Dataset/case-01/non-plagiarized/07/Main.java,datasets/IR-Plag-Dataset/case-01/non-plagiarized/14/Soal1.java,0.8478260869565217
datasets/IR-Plag-Dataset/case-01/plagiarized/L6/02/Main.java,datasets/IR-Plag-Dataset/case-01/plagiarized/L6/07/PrintJava.java,0.847457627118644
datasets/IR-Plag-Dataset/case-01/plagiarized/L3/05/Kasus1L3.java,datasets/IR-Plag-Dataset/case-01/plagiarized/L4/01/L4.java,0.8467153284671532
datasets/IR-Plag-Dataset/case-01/plagiarized/L6/03/Main.java,datasets/IR-Plag-Dataset/case-01/plagiarized/L6/08/Kasus1L6.java,0.8363636363636363
datasets/IR-Plag-Dataset/case-01/plagiarized/L2/03/WelcomeToJava.java,datasets/IR-Plag-Dataset/case-01/plagiarized/L6/06/hellow.java,0.835820895522388
datasets/IR-Plag-Dataset/case-01/plagiarized/L5/04/hellow.java,datasets/IR-Plag-Dataset/case-01/plagiarized/L2/03/WelcomeToJava.java,0.835820895522388
datasets/IR-Plag-Dataset/case-01/plagiarized/L1/09/Level1.java,datasets/IR-Plag-Dataset/case-01/plagiarized/L6/06/hellow.java,0.8333333333333334
datasets/IR-Plag-Dataset/case-01/plagiarized/L3/02/Main.java,datasets/IR-Plag-Dataset/case-01/plagiarized/L6/06/hellow.java,0.8333333333333334
datasets/IR-Plag-Dataset/case-01/plagiarized/L1/08/Kasus1L1.java,datasets/IR-Plag-Dataset/case-01/plagiarized/L6/06/hellow.java,0.8333333333333334
datasets/IR-Plag-Dataset/case-01/plagiarized/L5/04/hellow.java,datasets/IR-Plag-Dataset/case-01/plagiarized/L2/04/hellow.java,0.8333333333333334
datasets/IR-Plag-Dataset/case-01/plagiarized/L3/01/L3.java,datasets/IR-Plag-Dataset/case-01/plagiarized/L6/06/hellow.java,0.8333333333333334
datasets/IR-Plag-Dataset/case-01/plagiarized/L3/06/Level3.java,datasets/IR-Plag-Dataset/case-01/plagiarized/L5/04/hellow.java,0.8333333333333334
datasets/IR-Plag-Dataset/case-01/plagiarized/L3/02/Main.java,datasets/IR-Plag-Dataset/case-01/plagiarized/L5/04/hellow.java,0.8333333333333334
datasets/IR-Plag-Dataset/case-01/plagiarized/L3/06/Level3.java,datasets/IR-Plag-Dataset/case-01/plagiarized/L6/06/hellow.java,0.8333333333333334
datasets/IR-Plag-Dataset/case-01/plagiarized/L1/06/HelloWorld.java,datasets/IR-Plag-Dataset/case-01/plagiarized/L6/06/hellow.java,0.8333333333333334
datasets/IR-Plag-Dataset/case-01/plagiarized/L1/01/L1.java,datasets/IR-Plag-Dataset/case-01/plagiarized/L6/06/hellow.java,0.8333333333333334
datasets/IR-Plag-Dataset/case-01/plagiarized/L3/04/hellow.java,datasets/IR-Plag-Dataset/case-01/plagiarized/L6/06/hellow.java,0.8333333333333334
datasets/IR-Plag-Dataset/case-01/plagiarized/L1/07/Main.java,datasets/IR-Plag-Dataset/case-01/plagiarized/L6/06/hellow.java,0.8333333333333334
datasets/IR-Plag-Dataset/case-01/plagiarized/L1/03/Main.java,datasets/IR-Plag-Dataset/case-01/plagiarized/L6/06/hellow.java,0.8333333333333334
datasets/IR-Plag-Dataset/case-01/plagiarized/L3/04/hellow.java,datasets/IR-Plag-Dataset/case-01/plagiarized/L5/04/hellow.java,0.8333333333333334
datasets/IR-Plag-Dataset/case-01/plagiarized/L1/02/Main.java,datasets/IR-Plag-Dataset/case-01/plagiarized/L6/06/hellow.java,0.8333333333333334
datasets/IR-Plag-Dataset/case-01/non-plagiarized/13/No1.java,datasets/IR-Plag-Dataset/case-01/plagiarized/L6/06/hellow.java,0.8333333333333334
datasets/IR-Plag-Dataset/case-01/plagiarized/L2/04/hellow.java,datasets/IR-Plag-Dataset/case-01/plagiarized/L6/06/hellow.java,0.8333333333333334
datasets/IR-Plag-Dataset/case-01/non-plagiarized/13/No1.java,datasets/IR-Plag-Dataset/case-01/plagiarized/L5/04/hellow.java,0.8333333333333334
datasets/IR-Plag-Dataset/case-01/plagiarized/L1/04/T1.java,datasets/IR-Plag-Dataset/case-01/plagiarized/L6/06/hellow.java,0.8333333333333334
datasets/IR-Plag-Dataset/case-01/plagiarized/L2/05/PrintJava.java,datasets/IR-Plag-Dataset/case-01/plagiarized/L6/06/hellow.java,0.8333333333333334
datasets/IR-Plag-Dataset/case-01/plagiarized/L2/02/Main.java,datasets/IR-Plag-Dataset/case-01/plagiarized/L6/06/hellow.java,0.8333333333333334
datasets/IR-Plag-Dataset/case-01/plagiarized/L2/01/L2.java,datasets/IR-Plag-Dataset/case-01/plagiarized/L6/06/hellow.java,0.8333333333333334
datasets/IR-Plag-Dataset/case-01/plagiarized/L3/01/L3.java,datasets/IR-Plag-Dataset/case-01/plagiarized/L5/04/hellow.java,0.8333333333333334
datasets/IR-Plag-Dataset/case-01/plagiarized/L5/04/hellow.java,datasets/IR-Plag-Dataset/case-01/plagiarized/L1/09/Level1.java,0.8333333333333334
datasets/IR-Plag-Dataset/case-01/plagiarized/L5/04/hellow.java,datasets/IR-Plag-Dataset/case-01/plagiarized/L1/04/T1.java,0.8333333333333334
datasets/IR-Plag-Dataset/case-01/plagiarized/L5/04/hellow.java,datasets/IR-Plag-Dataset/case-01/plagiarized/L1/06/HelloWorld.java,0.8333333333333334
datasets/IR-Plag-Dataset/case-01/plagiarized/L5/04/hellow.java,datasets/IR-Plag-Dataset/case-01/plagiarized/L1/01/L1.java,0.8333333333333334
datasets/IR-Plag-Dataset/case-01/plagiarized/L5/04/hellow.java,datasets/IR-Plag-Dataset/case-01/plagiarized/L1/08/Kasus1L1.java,0.8333333333333334
datasets/IR-Plag-Dataset/case-01/plagiarized/L5/04/hellow.java,datasets/IR-Plag-Dataset/case-01/plagiarized/L1/07/Main.java,0.8333333333333334
datasets/IR-Plag-Dataset/case-01/original/T1.java,datasets/IR-Plag-Dataset/case-01/plagiarized/L5/04/hellow.java,0.8333333333333334
datasets/IR-Plag-Dataset/case-01/plagiarized/L5/04/hellow.java,datasets/IR-Plag-Dataset/case-01/plagiarized/L1/02/Main.java,0.8333333333333334
datasets/IR-Plag-Dataset/case-01/original/T1.java,datasets/IR-Plag-Dataset/case-01/plagiarized/L6/06/hellow.java,0.8333333333333334
datasets/IR-Plag-Dataset/case-01/plagiarized/L5/04/hellow.java,datasets/IR-Plag-Dataset/case-01/plagiarized/L2/05/PrintJava.java,0.8333333333333334
datasets/IR-Plag-Dataset/case-01/plagiarized/L5/04/hellow.java,datasets/IR-Plag-Dataset/case-01/plagiarized/L2/02/Main.java,0.8333333333333334
datasets/IR-Plag-Dataset/case-01/plagiarized/L5/04/hellow.java,datasets/IR-Plag-Dataset/case-01/plagiarized/L2/01/L2.java,0.8333333333333334
datasets/IR-Plag-Dataset/case-01/plagiarized/L5/04/hellow.java,datasets/IR-Plag-Dataset/case-01/plagiarized/L1/03/Main.java,0.8333333333333334
datasets/IR-Plag-Dataset/case-01/plagiarized/L3/05/Kasus1L3.java,datasets/IR-Plag-Dataset/case-01/plagiarized/L6/06/hellow.java,0.8321167883211679
datasets/IR-Plag-Dataset/case-01/plagiarized/L3/05/Kasus1L3.java,datasets/IR-Plag-Dataset/case-01/plagiarized/L5/04/hellow.java,0.8321167883211679
datasets/IR-Plag-Dataset/case-01/plagiarized/L5/02/Main.java,datasets/IR-Plag-Dataset/case-01/plagiarized/L6/08/Kasus1L6.java,0.8256880733944955
datasets/IR-Plag-Dataset/case-01/plagiarized/L5/04/hellow.java,datasets/IR-Plag-Dataset/case-01/plagiarized/L1/05/HelloWorld.java,0.8244274809160306
datasets/IR-Plag-Dataset/case-01/plagiarized/L1/05/HelloWorld.java,datasets/IR-Plag-Dataset/case-01/plagiarized/L6/06/hellow.java,0.8244274809160306
datasets/IR-Plag-Dataset/case-01/plagiarized/L3/03/HelloWorld.java,datasets/IR-Plag-Dataset/case-01/plagiarized/L5/04/hellow.java,0.8244274809160306
datasets/IR-Plag-Dataset/case-01/plagiarized/L3/03/HelloWorld.java,datasets/IR-Plag-Dataset/case-01/plagiarized/L6/06/hellow.java,0.8244274809160306
datasets/IR-Plag-Dataset/case-01/non-plagiarized/07/Main.java,datasets/IR-Plag-Dataset/case-01/plagiarized/L6/02/Main.java,0.8235294117647058
datasets/IR-Plag-Dataset/case-01/plagiarized/L5/01/L5.java,datasets/IR-Plag-Dataset/case-01/plagiarized/L6/05/HelloWorld.java,0.8181818181818182
datasets/IR-Plag-Dataset/case-01/plagiarized/L4/04/HelloWorld.java,datasets/IR-Plag-Dataset/case-01/plagiarized/L1/05/HelloWorld.java,0.8175182481751825
datasets/IR-Plag-Dataset/case-01/plagiarized/L3/03/HelloWorld.java,datasets/IR-Plag-Dataset/case-01/plagiarized/L4/04/HelloWorld.java,0.8175182481751825
datasets/IR-Plag-Dataset/case-01/plagiarized/L4/04/HelloWorld.java,datasets/IR-Plag-Dataset/case-01/plagiarized/L2/03/WelcomeToJava.java,0.8142857142857143
datasets/IR-Plag-Dataset/case-01/plagiarized/L5/05/PrintJava.java,datasets/IR-Plag-Dataset/case-01/plagiarized/L6/02/Main.java,0.8135593220338984
datasets/IR-Plag-Dataset/case-01/plagiarized/L4/04/HelloWorld.java,datasets/IR-Plag-Dataset/case-01/plagiarized/L1/08/Kasus1L1.java,0.8115942028985508
datasets/IR-Plag-Dataset/case-01/original/T1.java,datasets/IR-Plag-Dataset/case-01/plagiarized/L4/04/HelloWorld.java,0.8115942028985508
datasets/IR-Plag-Dataset/case-01/plagiarized/L3/02/Main.java,datasets/IR-Plag-Dataset/case-01/plagiarized/L4/04/HelloWorld.java,0.8115942028985508
datasets/IR-Plag-Dataset/case-01/plagiarized/L3/01/L3.java,datasets/IR-Plag-Dataset/case-01/plagiarized/L4/04/HelloWorld.java,0.8115942028985508
datasets/IR-Plag-Dataset/case-01/plagiarized/L3/04/hellow.java,datasets/IR-Plag-Dataset/case-01/plagiarized/L4/04/HelloWorld.java,0.8115942028985508
datasets/IR-Plag-Dataset/case-01/non-plagiarized/13/No1.java,datasets/IR-Plag-Dataset/case-01/plagiarized/L4/04/HelloWorld.java,0.8115942028985508
datasets/IR-Plag-Dataset/case-01/plagiarized/L4/04/HelloWorld.java,datasets/IR-Plag-Dataset/case-01/plagiarized/L1/01/L1.java,0.8115942028985508
datasets/IR-Plag-Dataset/case-01/plagiarized/L4/04/HelloWorld.java,datasets/IR-Plag-Dataset/case-01/plagiarized/L2/01/L2.java,0.8115942028985508
datasets/IR-Plag-Dataset/case-01/plagiarized/L4/04/HelloWorld.java,datasets/IR-Plag-Dataset/case-01/plagiarized/L1/03/Main.java,0.8115942028985508
datasets/IR-Plag-Dataset/case-01/plagiarized/L4/04/HelloWorld.java,datasets/IR-Plag-Dataset/case-01/plagiarized/L2/04/hellow.java,0.8115942028985508
datasets/IR-Plag-Dataset/case-01/plagiarized/L4/04/HelloWorld.java,datasets/IR-Plag-Dataset/case-01/plagiarized/L1/09/Level1.java,0.8115942028985508
datasets/IR-Plag-Dataset/case-01/plagiarized/L3/06/Level3.java,datasets/IR-Plag-Dataset/case-01/plagiarized/L4/04/HelloWorld.java,0.8115942028985508
datasets/IR-Plag-Dataset/case-01/plagiarized/L4/04/HelloWorld.java,datasets/IR-Plag-Dataset/case-01/plagiarized/L1/07/Main.java,0.8115942028985508
datasets/IR-Plag-Dataset/case-01/plagiarized/L4/04/HelloWorld.java,datasets/IR-Plag-Dataset/case-01/plagiarized/L1/06/HelloWorld.java,0.8115942028985508
datasets/IR-Plag-Dataset/case-01/plagiarized/L4/04/HelloWorld.java,datasets/IR-Plag-Dataset/case-01/plagiarized/L2/05/PrintJava.java,0.8115942028985508
datasets/IR-Plag-Dataset/case-01/plagiarized/L4/04/HelloWorld.java,datasets/IR-Plag-Dataset/case-01/plagiarized/L1/02/Main.java,0.8115942028985508
datasets/IR-Plag-Dataset/case-01/plagiarized/L4/04/HelloWorld.java,datasets/IR-Plag-Dataset/case-01/plagiarized/L2/02/Main.java,0.8115942028985508
datasets/IR-Plag-Dataset/case-01/plagiarized/L4/04/HelloWorld.java,datasets/IR-Plag-Dataset/case-01/plagiarized/L1/04/T1.java,0.8115942028985508
datasets/IR-Plag-Dataset/case-01/non-plagiarized/11/T01.java,datasets/IR-Plag-Dataset/case-01/plagiarized/L5/01/L5.java,0.8085106382978723
datasets/IR-Plag-Dataset/case-01/non-plagiarized/10/Main.java,datasets/IR-Plag-Dataset/case-01/plagiarized/L5/01/L5.java,0.8085106382978723
datasets/IR-Plag-Dataset/case-01/non-plagiarized/08/T01.java,datasets/IR-Plag-Dataset/case-01/plagiarized/L5/01/L5.java,0.8085106382978723
datasets/IR-Plag-Dataset/case-01/non-plagiarized/01/T01.java,datasets/IR-Plag-Dataset/case-01/plagiarized/L5/01/L5.java,0.8085106382978723
datasets/IR-Plag-Dataset/case-01/non-plagiarized/12/T01.java,datasets/IR-Plag-Dataset/case-01/plagiarized/L5/01/L5.java,0.8085106382978723
datasets/IR-Plag-Dataset/case-01/non-plagiarized/06/T01.java,datasets/IR-Plag-Dataset/case-01/plagiarized/L5/01/L5.java,0.8085106382978723
datasets/IR-Plag-Dataset/case-01/non-plagiarized/02/T01.java,datasets/IR-Plag-Dataset/case-01/plagiarized/L5/01/L5.java,0.8085106382978723
datasets/IR-Plag-Dataset/case-01/non-plagiarized/09/t01.java,datasets/IR-Plag-Dataset/case-01/plagiarized/L5/01/L5.java,0.8085106382978723
datasets/IR-Plag-Dataset/case-01/non-plagiarized/04/T01.java,datasets/IR-Plag-Dataset/case-01/plagiarized/L5/01/L5.java,0.8085106382978723
datasets/IR-Plag-Dataset/case-01/non-plagiarized/03/Nomor1_2451041557A22145B3701B0184109CAB013.java,datasets/IR-Plag-Dataset/case-01/plagiarized/L5/01/L5.java,0.8085106382978723
datasets/IR-Plag-Dataset/case-01/non-plagiarized/05/T01.java,datasets/IR-Plag-Dataset/case-01/plagiarized/L5/01/L5.java,0.8085106382978723
datasets/IR-Plag-Dataset/case-01/plagiarized/L4/05/hellow.java,datasets/IR-Plag-Dataset/case-01/plagiarized/L4/01/L4.java,0.8055555555555556
datasets/IR-Plag-Dataset/case-01/plagiarized/L4/03/Main.java,datasets/IR-Plag-Dataset/case-01/plagiarized/L4/01/L4.java,0.8055555555555556
datasets/IR-Plag-Dataset/case-01/non-plagiarized/05/T01.java,datasets/IR-Plag-Dataset/case-01/plagiarized/L6/03/Main.java,0.8
datasets/IR-Plag-Dataset/case-01/non-plagiarized/10/Main.java,datasets/IR-Plag-Dataset/case-01/plagiarized/L6/03/Main.java,0.8
datasets/IR-Plag-Dataset/case-01/non-plagiarized/07/Main.java,datasets/IR-Plag-Dataset/case-01/plagiarized/L6/03/Main.java,0.8
datasets/IR-Plag-Dataset/case-01/non-plagiarized/09/t01.java,datasets/IR-Plag-Dataset/case-01/plagiarized/L6/03/Main.java,0.8
datasets/IR-Plag-Dataset/case-01/non-plagiarized/08/T01.java,datasets/IR-Plag-Dataset/case-01/plagiarized/L6/03/Main.java,0.8
datasets/IR-Plag-Dataset/case-01/non-plagiarized/01/T01.java,datasets/IR-Plag-Dataset/case-01/plagiarized/L6/03/Main.java,0.8
datasets/IR-Plag-Dataset/case-01/non-plagiarized/12/T01.java,datasets/IR-Plag-Dataset/case-01/plagiarized/L6/03/Main.java,0.8
datasets/IR-Plag-Dataset/case-01/non-plagiarized/11/T01.java,datasets/IR-Plag-Dataset/case-01/plagiarized/L6/03/Main.java,0.8
datasets/IR-Plag-Dataset/case-01/plagiarized/L4/04/HelloWorld.java,datasets/IR-Plag-Dataset/case-01/plagiarized/L4/05/hellow.java,0.8
datasets/IR-Plag-Dataset/case-01/non-plagiarized/02/T01.java,datasets/IR-Plag-Dataset/case-01/plagiarized/L6/03/Main.java,0.8
datasets/IR-Plag-Dataset/case-01/non-plagiarized/06/T01.java,datasets/IR-Plag-Dataset/case-01/plagiarized/L6/03/Main.java,0.8
datasets/IR-Plag-Dataset/case-01/non-plagiarized/04/T01.java,datasets/IR-Plag-Dataset/case-01/plagiarized/L6/03/Main.java,0.8
datasets/IR-Plag-Dataset/case-01/plagiarized/L4/03/Main.java,datasets/IR-Plag-Dataset/case-01/plagiarized/L4/04/HelloWorld.java,0.8
datasets/IR-Plag-Dataset/case-01/non-plagiarized/03/Nomor1_2451041557A22145B3701B0184109CAB013.java,datasets/IR-Plag-Dataset/case-01/plagiarized/L6/03/Main.java,0.8
